item_index,prediction
bfaa0b67a0385860,No
41dcf77f800ebcae,Yes
b944ca5ad1567362,No. The white van does not flip over; it remains upright after the collision.
51350fb685ecb0d0,"No. The collision involves a white van and a dark-colored sedan, not two white vans."
07e4aac751a43a90,"At 00:04.80, a white van with a ladder rack enters the frame from the bottom, moving toward the camera, while by 00:07.62, the same van is overturned on its side in the middle of the intersection, with smoke rising from the scene. The relationship is one of direct cause and effect: the van’s collision with the dark sedan at 00:04.80 caused it to flip over and come to rest in the position seen at 00:07.62. The consequence is the van’s complete loss of control and structural integrity, resulting in a stationary, overturned vehicle with visible damage and smoke."
fcc257a9dfd308b8,B
b87aed2fa70c0a9c,A) A blue SUV attempted to make a right turn from the top right side and collided with a van entering from the bottom left.
9ac7e6090030d0cf,"The collision between the white van and the dark sedan results in the van flipping over onto its side, with debris and smoke visible. The sedan remains upright but appears damaged at the front. The aftermath is anomalous, with both vehicles immobilized and traffic halted, indicating a severe, unexpected incident."
422e96a911799e5e,"This video is captured from an elevated traffic camera at 4th Ave S & S Royal Brougham Way West during daylight hours, showing a four-way intersection with a paved road surface that appears dry. The intersection has multiple lanes on each approach, separated by painted lane markings, with traffic flowing toward the camera on the left and away from the camera on the right. No traffic signals or signboards are visible. Surroundings include green trees lining the sidewalks, a pedestrian crosswalk at the bottom right, and an overpass structure overhead. On-screen text identifies the location. A white van and a dark-colored sedan are visible in the scene."
a949af85bcc2e5a1,"A black SUV enters the intersection from the right, moving toward the camera. The SUV collides with a white van that is turning left, causing both vehicles to spin and come to rest in the intersection."
b22a0fcaac174951,"{""start"": ""00:05"", ""end"": ""00:09""}"
02272c4f125ceb46,"The video shows a quiet urban intersection at 4th Ave S & S Royal Brougham Way West with minimal traffic and clear visibility. At 00:02, a white van enters the frame from the bottom, followed by a dark blue sedan at 00:04. At 00:06, the dark blue sedan collides with the white van, causing the van to spin and come to rest on its side. Smoke rises from the impact point, and both vehicles remain stationary with visible damage. The root cause of the incident is the dark blue sedan’s failure to yield or brake in time before the collision."
dc43f9cdfd60cb88,Yes
f88c6f7f1bd362d0,No
b2f50337aeaa97c8,No. There is no visible T-bone collision occurring at the intersection in the provided frames.
c29d8edc9baf6f64,"No. The vehicles involved in the collision come to an immediate stop after impact, indicating they do not continue driving."
db37a931753bf54f,"At 00:03.20, a white sedan is visible turning right from the intersection, while by 00:05.61, the same white sedan has completed its turn and is now proceeding straight down the road. The relationship is one of sequential and operational, as the vehicle’s maneuver from the intersection into the roadway represents a natural progression of traffic flow. The consequence is that the vehicle has successfully transitioned from an intersection maneuver to continuing along its intended route, maintaining normal traffic movement."
1efff1b0dc9e6ec4,A
82788d851c92f36d,C) The white SUV failed to stop for a red light while traveling from the bottom of the frame.
f6b9f2fa593b6a6d,"The sequence of events shows vehicles entering the intersection from multiple directions, moving through the crosswalks and lanes, and exiting toward the bottom of the frame. The traffic flow is steady and orderly, with vehicles maintaining consistent spacing and following traffic signals without visible anomalies or disruptions."
bbb49259bb326ff2,"This video is captured from an elevated traffic camera at a four-way intersection during daytime under overcast skies, with wet pavement indicating recent rain. The road is multi-lane, divided by a painted centerline, with traffic flowing toward the camera on the left and away from the camera on the right. Dashed white lane markings are visible, and the surface appears wet. Traffic signals are present at all approaches, along with painted crosswalks. Surroundings include trees, buildings in the distance, and a large construction crane. On-screen text reads “St Ave NE & NGH South.” Several vehicles, including a black sedan and a white SUV, are visible in the intersection."
fa2f092ec5675266,"A black SUV enters the frame from the bottom, moving toward the camera. This movement represents a standard flow of traffic in a light-volume corridor."
27d312eebfe58c51,"{""start"": ""00:00"", ""end"": ""00:01""}"
75782ddc62692ceb,"The video shows a busy urban intersection with moderate traffic flow under overcast skies, featuring a construction crane in the background and a bridge overhead. At 00:00, a black sedan enters the frame from the bottom right, merging into traffic. A white SUV approaches from the left, slowing as it nears the crosswalk. At 00:03, a silver sedan in the rightmost lane abruptly swerves left, narrowly avoiding a collision with a white van. The root cause of the incident is the silver sedan’s sudden lane change without signaling. All vehicles maintain their lanes and steady speeds without any collisions or anomalies."
c422fbd2e3164dca,No
7c679713e9a63641,No
f786e32824d04b22,Yes. The white sedan makes a left turn and collides with the red sedan as it enters the intersection from the right.
cfe8d75abc06cba4,No. The parked black SUV is not involved in the collision; it remains stationary throughout the clip while the collision occurs between the white sedan and the red car.
49726e226e62d65c,"At 00:02.93, a white sedan is turning right across the intersection, while by 00:04.20, a red sedan has entered the frame from the right and is now positioned in the intersection behind the white sedan. The relationship is sequential and operational, as the white sedan’s turn initiates a change in the intersection’s traffic flow, allowing the red sedan to enter and proceed through the intersection. The consequence is that the red sedan now occupies the intersection, continuing the normal progression of traffic after the white sedan’s maneuver."
2f0f6c696becaedc,A
5ba136ad570dee03,A) The white sedan failed to yield the right-of-way while making a left turn.
00993f5eb83dc0ae,"The direct consequence of the collision between the red sedan and the white sedan is that the white sedan is visibly pushed sideways into the intersection, partially off the road. The red sedan remains in the intersection, indicating an anomalous and disruptive traffic event."
acb23484096150de,"This video is captured from an elevated traffic camera at a four-way intersection during daylight hours, with overcast skies and a dry road surface. The intersection features multiple lanes in each direction, separated by double yellow lines and marked with white crosswalk stripes. Traffic flows in both directions relative to the frame, with vehicles approaching from the top and bottom. No traffic signals or signboards are visible. Surroundings include buildings along the sidewalks, streetlights, and a text overlay identifying the location as “23RD AVE E & E CHERRY ST - EW West.” A white sedan and a red sedan are visible navigating the intersection."
916a097a08fee8b5,"A white sedan turns right across the intersection, completing its maneuver into the cross street. This movement represents a standard flow of traffic in a light-volume corridor, with no apparent anomalies or collisions occurring during the sequence."
cddad0655dfeee32,"{""start"": ""00:03"", ""end"": ""00:05""}"
b4b070276d0ea753,"The video shows a typical urban intersection with moderate traffic flow on 23rd Ave E and E Cherry St. At 00:00, a white sedan enters the intersection from the top of the frame, proceeding through the crosswalk. At 00:03, a red sedan enters from the right, crossing paths with the white sedan, which begins to veer left. The red sedan continues forward without apparent collision, while the white sedan completes its turn toward the bottom of the frame. The root cause of the incident is the white sedan’s abrupt lane change into the path of the red sedan."
b3e10fd2bcc68440,Yes
eac09e7836e65fd7,No
6551b52c32612c9c,No. There is no visible T-bone collision in the video; vehicles are moving normally without any signs of impact.
108c3fcde96eb5c9,"No. The black SUV is not shown approaching or stopping at an intersection with a visible traffic light, and no red light is observed in the frame."
bcb135e119fa5d4c,"At 00:00:00, a black sedan is visible moving toward the bottom of the frame, while by 00:05:97, the same sedan has progressed further down the road, now closer to the camera. The relationship is one of sequential and operational, as the sedan continues its forward motion along the roadway without interruption or incident. The consequence is that the vehicle maintains its trajectory, consistent with normal traffic flow, with no observable change in speed or direction between the two moments."
d899f142ccdf3689,A
973e92d10a3fbd27,C) The black SUV rolls over and hits a nearby green bus.
eaee05f18cbaea11,"The root cause of the incident is the red truck’s failure to maintain a safe distance from the black sedan ahead, leading to a rear-end collision. The truck’s abrupt braking and the sedan’s sudden stop caused the collision, indicating an anomalous and unsafe driving behavior in an otherwise steady traffic flow."
e2021f23d37a09e3,"This video is captured from an elevated traffic camera during daytime under overcast, rainy conditions, showing a multi-lane divided highway. The road has multiple lanes in each direction separated by a grassy median, with dashed white lane markings and visible wet pavement. Traffic flows toward the camera on the right side and away from the camera on the left. No traffic signals or signboards are visible. Surroundings include green trees lining the road, distant buildings, and overhead power lines. On-screen text reads “14TH AVE S & S CLOVERDALE ST.” A black sedan and a white sedan are visible among other vehicles."
e85e174d734ec4f5,"A white sedan continues moving forward in the right lane, maintaining its course toward the camera. This movement represents a standard flow of traffic in a light-volume corridor, with no anomalies or disruptions observed."
ec353a7bfb5027c6,"{""start"": ""00:01"", ""end"": ""00:03""}"
da2f8c9d0b502f3d,"The video shows moderate traffic flow on a multi-lane road with overpasses and greenery under an overcast sky. At 00:01, a black sedan in the left lane begins to drift toward the center divider, narrowly avoiding a collision with a white sedan ahead. By 00:03, the black sedan has fully crossed into the opposing lane, causing a near-miss with a red pickup truck. The black sedan then swerves back into its lane, leaving a visible skid mark on the wet pavement. The root cause of the incident is the black sedan’s sudden lane deviation, likely due to driver error or distraction. All vehicles maintain their lanes and steady speeds without any collisions or anomalies."
8f3fdc9a311a7661,No
0bc20b38e2942199,No
502992228c7a6fd2,No. The grey sedan is seen making a left turn without any visible collision occurring with other vehicles.
7774a97eb99db966,"No. The red semi truck is not visible in the frame, so it cannot be involved in any collision."
8e4d82eefbedd3fe,"At 00:00.60, multiple vehicles are moving steadily along Rainier Ave S & S Alaska St, with no visible anomalies, while by 00:04.35, the same vehicles continue their forward motion, maintaining consistent spacing and speed. The relationship is one of continuity and stability, as the traffic flow remains unaltered between the two moments, indicating no disruptions or maneuvers occurred. The steady progression of vehicles confirms the uninterrupted nature of the traffic pattern, with no changes in behavior or incident development."
bd5ebee5bc259d02,C
9c6065dc1669acfe,"A) The white sedan, for drifting into the opposite lane and striking a turning vehicle."
2cd9cd39cabf9dda,"The direct consequences of the collision involve the white sedan and red truck coming to an abrupt stop, disrupting the flow of traffic. Surrounding vehicles slow or stop to avoid the scene, creating a temporary congestion. The incident introduces an anomalous disruption to the otherwise steady traffic flow."
cf379398390729a5,"This video is captured from an elevated traffic camera during daytime on a wet, multi-lane urban street. The road has two lanes in each direction separated by a painted red bike lane and a grassy median with trees. Traffic flows toward the camera on the right side and away from the camera on the left. Lane markings include double yellow lines and dashed white lines. No traffic signals or signboards are visible. Surroundings include trees with autumn foliage, sidewalks, and streetlights. On-screen text reads “RAINIER AVE S & S ALASKA ST.” Several vehicles, including a white sedan and a black SUV, are visible."
517ad02bf5843e74,"A white sedan moves forward in the right lane, maintaining a steady pace as it approaches the intersection. This movement represents a standard flow of traffic in a light-volume corridor, with no visible anomalies or disruptions occurring during this interval."
1a26a836b4a3e232,"{""start"": ""00:04"", ""end"": ""00:07""}"
7024f9f3e1adcd74,"The video shows a steady flow of traffic on Rainier Ave S & S Alaska St, with multiple vehicles moving in both directions under overcast conditions. At 00:03, a white sedan in the right lane begins to drift slightly toward the center divider, prompting a silver sedan behind it to brake abruptly. By 00:05, the white sedan has fully crossed into the opposing lane, narrowly avoiding a collision with an oncoming black SUV. The silver sedan behind the white sedan swerves to avoid contact, causing a chain reaction of braking vehicles. The root cause of the incident is the white sedan’s sudden lane deviation without signaling."
7dc08d1c31c28e4c,No
1b4c03dbb8e0f6ef,Yes
a9df0b279b352eac,"No. The white sedan is driving in the correct lane, moving forward through the intersection as traffic allows."
3b53d5c0cdb62a42,"Yes. The light beige car continues driving forward after the collision, moving away from the point of impact."
12761050849e103c,"At 00:03.06, a white SUV is stopped at the intersection, while by 00:08.78, the same white SUV has begun to move forward through the intersection. The relationship is one of sequential and operational, as the SUV transitions from a stopped position to actively navigating the intersection as traffic permits. The SUV’s movement at 00:08.78 is a direct result of the traffic signal changing or the driver initiating motion after being stationary, continuing the normal flow of urban traffic."
32232da4d028918d,B
25deeb8d0ad8ffe1,A) The white sedan was at fault for running a red light and remained at the scene to provide assistance.
26b5e574400b13fe,"The root cause of the incident is the white SUV turning left into the path of the yellow taxi, which was proceeding straight through the intersection. The SUV’s turn was not coordinated with the taxi’s trajectory, resulting in a collision. This interaction is anomalous within the otherwise orderly traffic flow."
b15b4b258542f825,"This video is captured from an elevated CCTV camera during daytime, overlooking a four-way intersection at 1st Ave and Stewart. The road is a multi-lane street with a center divider marked by double yellow lines, separating traffic flowing toward the camera from traffic moving away. Lane markings include dashed white lines for turning lanes and painted arrows. A marked crosswalk spans the intersection, and traffic signals are visible at the corners. Surroundings include brick buildings with awnings, mature trees, and streetlights. On-screen text reads “1st Ave and Stewart.” Several vehicles are present, including a white SUV, a yellow taxi, and a tan sedan."
46eaac4fc891890b,"A silver SUV accelerates forward through the intersection, crossing the crosswalk and moving toward the bottom of the frame. This movement represents a standard flow of traffic in a light-volume corridor, with no visible anomalies or disruptions."
992d76686fb34070,"{""start"": ""00:11"", ""end"": ""00:14""}"
1b4a57ab3baa0017,"The video shows a busy urban intersection with moderate traffic flow and pedestrians near a crosswalk. At 00:08, a white SUV begins to turn left from the crosswalk, while a yellow taxi approaches from the opposite direction. At 00:12, the white SUV completes its turn, and the yellow taxi proceeds straight through the intersection without incident. At 00:15, a silver sedan enters the frame from the bottom, moving toward the camera, but no collision or anomaly occurs. All vehicles maintain their lanes and steady speeds without any collisions or anomalies. The root cause of the incident is none, as no incident occurred."
eccc0fbb079d2378,No
a54e3fb57496481a,No
07a3facfb28871ca,No. The gray pickup truck does not stall; it continues moving forward after the collision and is later seen turning right at the intersection.
2dab11635c1b435d,"No. The bus passes through the intersection without making contact with the white sedan, which is visible in the frame before the bus enters."
62fe17feb125d31c,"At 00:05.56, a black SUV turns right across the intersection, while by 00:10.68, a purple and yellow trolleybus is crossing the same intersection from right to left. The relationship is sequential and operational: the SUV’s right turn clears the intersection, allowing the trolleybus to proceed through the same space without obstruction. The SUV’s maneuver completed its path, enabling the trolleybus to enter and traverse the intersection smoothly, maintaining normal traffic flow."
9d90c0918942b4ac,B
5205fa4e0d426730,C) The gray pickup truck is pushed back into the lane 6 parking area.
f7799639246e9fdb,"The black SUV is primarily at fault for the collision, having failed to yield the right-of-way to the silver sedan crossing the intersection. It entered the crosswalk without checking for oncoming traffic, causing a direct impact. This behavior is anomalous and disrupts the otherwise orderly traffic flow."
d132b34f83607396,"This video is captured from an elevated traffic camera at 3rd Ave & Wall St, North, during daylight hours. The scene shows a four-way intersection on a multi-lane urban street with a central double yellow line separating opposing traffic flows. The road surface appears dry, with painted white crosswalk stripes and dashed white lane markings visible. Traffic signals and crosswalks are present at the intersection, but no visible signs or bus stops are present. Surrounding the street are trees, sidewalks, and multi-story buildings. A silver sedan, a black SUV, and a purple and yellow trolleybus are visible as road users."
684e09c451e5206f,"A black SUV turns right across the intersection, moving from the right lane toward the bottom of the frame. This movement represents a standard flow of traffic in a light-volume corridor, with no apparent anomalies or collisions occurring during this maneuver."
f5418b415835e8b7,"{""start"": ""00:06"", ""end"": ""00:08""}"
99bf5419abccce6f,"The video shows a typical urban intersection at 3rd Ave & Wall St North with moderate traffic flow and parked vehicles lining the curbs. At 00:02, a black SUV turns right across the crosswalk, narrowly avoiding a silver sedan that is crossing from left to right. The black SUV continues its turn, and by 00:06, a purple and yellow trolleybus enters the frame from the bottom, moving toward the camera and passing the intersection without incident. The black SUV completes its turn by 00:08, and the trolleybus clears the scene by 00:12. All vehicles maintain their lanes and steady speeds without any collisions or anomalies. The root cause of the incident is the black SUV’s right turn across the crosswalk, which created a near-miss with the silver sedan."
f0c901702bf644b7,Yes
48b89918609f7be4,No
78c3241a6560f141,"No. The black sedan does not collide with more than one vehicle; it appears to make contact with only one vehicle, a white van, in the intersection."
c7e43d968a92cfe2,No. The black sedan is traveling toward the camera when it begins its U-turn.
e4d28cd43f27a359,"At 00:02.81, a white van is seen turning right at the intersection, while by 00:14.74, a dark-colored SUV is approaching the same intersection from the opposite direction. The relationship is sequential and operational, as the van’s right turn at 00:02.81 clears the intersection, allowing the SUV to proceed through the intersection without obstruction by 00:14.74. The consequence is that traffic continues to flow smoothly through the intersection, with no visible disruption or incident between the two moments."
31a973a57c0e61b9,B
bb3d653f01f60479,D) A black sedan initiated a left-turn without yielding the right-of-way to behind traffic in the opposing lanes.
a35486d7d959b243,"The third vehicle, the second gray SUV, enters the frame from the bottom right, moving toward the camera. It collides with the first gray SUV, which is already in the intersection, causing both vehicles to skid and come to a stop. The sequence is anomalous, indicating a sudden, high-impact collision."
709fc3de5ed8511d,"This video is captured from an elevated traffic camera at night, showing a multi-lane divided highway with wet pavement reflecting streetlights. The road has multiple lanes in each direction separated by a grassy median; dashed white lines mark the lanes, and painted arrows indicate traffic flow toward the camera on the right side. Traffic signals are visible at the intersection, with red lights for vehicles approaching from the bottom of the frame. Surroundings include industrial buildings on the left, a long warehouse-like structure on the right, and numerous streetlights illuminating the scene. On-screen text reads “North E. Marginal Wy S & S Idaho St.” Several vehicles, including a black sedan and a white van, are visible moving through the intersection."
b6230a557714bc04,"A silver SUV accelerates through the intersection, moving toward the camera. This movement represents a standard flow of traffic in a light-volume corridor."
008046cb3cccaa8e,"{""start"": ""00:06"", ""end"": ""00:08""}"
8c3520efd35207ae,"The video shows a nighttime urban intersection with moderate traffic flow on E. Marginal Wy S & S Idaho St, illuminated by streetlights and vehicle headlights. At 00:03, a dark sedan crosses the intersection from the right, while a white van proceeds straight through the intersection. At 00:06, a black SUV enters the frame from the bottom, moving toward the camera, and appears to narrowly miss a white van that is turning left. The black SUV continues forward without incident, and no collision or anomaly occurs. All vehicles maintain their lanes and steady speeds without any collisions or anomalies. The root cause of the incident is the proximity of the black SUV and the white van, but no actual collision occurred."
e799bb7706e9e986,No
80aee5f19306c16a,No
bbb592fb35a0ab9f,No. There is no visible collision between a vehicle and a train in the video. The train and vehicles are moving in separate lanes and do not make contact.
59206acd3ebf3c60,No. The black sedan is stopped at the intersection and does not appear to be involved in any collision.
a6d82dd5025db8df,"At 00:05.67, a white SUV is visible approaching the intersection, while by 00:06.92, a light rail train has entered the frame from the left, partially obscuring the SUV and occupying the lane. The relationship is sequential and operational, as the train’s arrival into the frame follows the SUV’s approach, indicating a normal progression of traffic flow where the train’s movement is part of the expected transit schedule. The consequence is that the SUV’s path is temporarily blocked by the train, forcing it to adjust its trajectory or wait, which is a typical interaction in urban transit environments."
711426da2ac875fa,C
af053b2194eefc5b,D) A T-bone collision between a white sedan and a light rail train.
446c2a9ddddf0ef4,"The root cause of the incident is a white SUV turning left into the path of a moving tram. The SUV enters the intersection while the tram is approaching, and the traffic light for the SUV’s direction is red, indicating a violation of traffic signals. This creates an anomalous and dangerous traffic flow."
5d9ff8b15b4eca7e,"This video is captured from an elevated traffic camera at night, showing a multi-lane divided street at a four-way intersection. The road surface is wet, reflecting streetlights and vehicle headlights. Traffic flows in both directions: vehicles approach from the top of the frame and depart toward the bottom, while a tram travels along a dedicated track on the left side. Lane markings are not clearly visible, but the road is divided by a median. Traffic signals are present at the intersection, with some showing red and others green. Buildings and streetlights line both sides of the street, and on-screen text identifies the location as “MLK JR WAY S & S ORCAS ST.” A white SUV and a white tram are visible on the road."
526c41f656cba766,A white SUV moves forward through the intersection. This movement represents a standard flow of traffic in a light-volume corridor.
5df53838d599df26,"{""start"": ""00:06"", ""end"": ""00:08""}"
b2c712cdce7ec87b,"The video shows a wet, nighttime urban intersection at MLK Jr Way S & S Orcas St, with traffic lights and streetcars operating under artificial illumination. At 00:06, a white SUV enters the frame from the bottom, moving toward the camera. At 00:08, a white and teal streetcar enters from the left, moving toward the bottom of the frame, passing the SUV. At 00:10, a dark sedan approaches from the bottom right, stopping before the intersection. The root cause of the incident is the white SUV’s sudden stop near the streetcar, causing a brief traffic disruption. All vehicles maintain their lanes and steady speeds without any collisions or anomalies."
ee257f2b751fd4e6,Yes
5ec931849555b48c,No
eaab327edff6e24e,"Yes. The white sedan and the wagon make contact, resulting in visible damage to the front of the sedan."
b15fc6f386c9696e,No. The black sedan remains stopped at the stop line and does not make contact with any other vehicle.
6d0668a8a6922e95,"At 00:01.25, a white sedan enters the intersection from the bottom left, while by 00:03.50, the same white sedan has collided with a beige minivan that is stopped at the intersection. The relationship is one of direct cause and effect: the white sedan’s forward motion into the intersection directly resulted in the collision with the stationary minivan. The consequence is that the white sedan’s front end is visibly damaged and it is now positioned at an angle against the minivan, indicating the impact occurred between these two moments."
0f67b855b3871c5d,C
6b8278077f361aad,A) The beige SUV coming from the bottom failed to yield to the white sedan.
d08496950107a966,"The collision between the white sedan and the beige minivan occurred as the sedan entered the intersection from the bottom left, striking the minivan on its front passenger side. The sedan’s front end is visibly crumpled, and the minivan’s rear is pushed forward, indicating a direct impact. The traffic flow is anomalous due to the sudden stop and collision."
63aa69f7b2b23448,"This video is captured from an elevated traffic camera during daylight hours, showing a four-way intersection on a multi-lane road with a wet surface. The road has multiple lanes in each direction separated by a painted centerline and white lane markings; traffic flows toward and away from the camera. Traffic signals are visible at each approach, and painted crosswalks mark pedestrian crossings. Surroundings include trees lining the streets, a building with a visible sign in the background, and overhead utility lines. A white sedan and a silver minivan are visible in the frame, approaching the intersection."
6a95d72da053292f,"A white sedan enters the intersection from the bottom left, moving toward the camera. This movement represents a standard flow of traffic in a light-volume corridor."
0949c6c4efa01162,"{""start"": ""00:02"", ""end"": ""00:04""}"
3a997fc734d2753c,"The video shows a typical urban intersection with moderate traffic flow and clear traffic signals. At 00:01, a white sedan enters the frame from the bottom left, moving toward the center. At 00:02, a silver minivan enters from the bottom right, also heading toward the center. At 00:03, the white sedan collides with the silver minivan, causing both vehicles to stop abruptly in the intersection. The root cause of the incident is the white sedan failing to yield the right-of-way to the silver minivan entering from the right."
3625c05809676400,No
1d89085928156e10,No
68658d9fda0df78b,No. There is no visible T-bone collision in the video; vehicles are seen moving through the intersection without any impact.
edba3617a6c52d69,No. The black car is stationary in the foreground and does not appear to be involved in any collision.
1a08c40fc080b909,"At 00:06.46, a white sedan enters the intersection from the right, while by 00:10.54, the same white sedan has completed its turn and is now moving toward the bottom of the frame. The relationship is one of sequential and operational, as the vehicle’s movement through the intersection follows a logical progression of traffic flow, transitioning from entering the intersection to executing a turn and continuing its path. The consequence is the vehicle’s successful navigation of the intersection, maintaining steady traffic flow without disruption."
4c1b3712e17c605f,D
b2a2b96f56d9fe35,D) The white van failed to yield to the oncoming white SUV while attempting a left turn.
8e7e09d7a59e6954,"The direct consequences of the collision between the white SUV and the white van are visible damage to both vehicles and a disruption in traffic flow. The white van is pushed sideways, and the SUV’s front end is visibly impacted, indicating a forceful, anomalous collision that caused immediate congestion and required intervention."
ad804e410bafe644,"This video is captured from a fixed, elevated traffic camera perspective at a four-way intersection on a wet, overcast day around 11:31 AM. The road has multiple lanes in each direction, separated by painted white lines, with no visible medians or dividers. Traffic flows toward and away from the camera, with dashed white lane markings visible. No traffic signals, signs, or crosswalks are visible. Surroundings include trees, a red fence, and distant buildings, with a timestamp overlay at the bottom. A black sedan and a white SUV are visible in the foreground and mid-frame, respectively."
024691821a1eb6e0,"A white sedan continues moving toward the bottom of the frame, passing through the intersection. This movement represents a standard flow of traffic in a light-volume corridor."
f4070b2421983ea8,"{""start"": ""00:06"", ""end"": ""00:09""}"
60e349ae50be71d3,"The video shows a wet, multi-lane intersection with moderate traffic under overcast conditions. At 00:07, a white sedan enters from the left, crossing the intersection toward the bottom of the frame. At 00:09, a silver SUV appears from the top right, moving toward the camera. The white sedan continues through the intersection without incident. The silver SUV slows and stops near the bottom right before proceeding. All vehicles maintain their lanes and steady speeds without any collisions or anomalies. The root cause of the incident is the absence of any traffic violations or anomalies."
4bcb9ff801dba2a5,No
d1a847fcdeb3b322,No
79c114c7fd8aa00d,No. The black car does not flip over; it skids and comes to rest after the collision.
43ea0268ef7f8273,No. There is no visible pedestrian in the frame during or after the collision.
0a17e73d64571d25,"At 00:02.79, a dark-colored vehicle enters the intersection from the top right, moving toward the bottom of the frame, while by 00:06.35, the same vehicle has collided with a silver sedan that is now stationary in the intersection. The relationship is one of direct cause and effect: the dark vehicle’s trajectory and speed at 00:02.79 led to the collision with the silver sedan by 00:06.35, as evidenced by visible skid marks and the silver car’s abrupt stop and position. The consequence is the silver sedan being immobilized in the intersection after the impact, with visible damage and debris indicating the severity of the collision."
fddd9278169b1bfe,C
5d714e03b8cda17e,A) A T-bone collision that results in the black car flipping over and both vehicles stalling on the left side.
2b7b9b55d2d6057d,"The root cause of the incident is a high-speed intersection collision between two vehicles, one dark-colored and one light-colored, occurring at night with poor visibility. The vehicles appear to have entered the intersection simultaneously without yielding, resulting in a violent impact and skid marks, indicating an anomalous and uncontrolled traffic event."
ebaf851a8a544708,"This video is captured from an elevated CCTV camera at night, overlooking a four-way intersection. The road is divided into multiple lanes with painted white directional arrows and dashed white lane markings; the surface appears wet, reflecting the streetlights. Traffic flows in both directions, with lanes clearly marked for turning and straight-through movements. No traffic signals or signboards are visible. Surroundings include trees and streetlights along the edges, with a timestamp overlay in the bottom-left corner. A dark sedan and a silver sedan are visible, approaching the intersection from different directions."
2670dc8b02068cfa,"A black motorcycle enters the intersection from the right, moving toward the camera. The motorcycle collides with a silver sedan that is turning left, causing both vehicles to skid and spin失控ly across the intersection."
be485affc9dce7b2,"{""start"": ""00:02"", ""end"": ""00:04""}"
64008fe86ff89ae8,"The video shows a nighttime intersection with minimal traffic and clear road markings, captured from a high vantage point. At 00:01, a dark sedan enters the frame from the right, moving toward the center of the intersection. At 00:02, a silver sedan crosses from the top-left, colliding with the dark sedan in a violent T-bone impact. Sparks and debris fly as both vehicles spin out of control, with the silver sedan skidding toward the bottom-left and the dark sedan rotating toward the top-left. The root cause of the incident is the failure of both drivers to yield properly at the intersection."
adee1e78470a96aa,No
38e9f5a81d21aed9,No
2804388d0a064c8b,"Yes. The white sedan and black SUV make direct contact in the middle of the intersection, indicating a head-on collision."
a7e1cd334f0542df,No. The black SUV comes to a stop after the collision and remains stationary in the intersection.
a23952abb3f31a5a,"At 00:02.03, a white sedan is seen turning right across the intersection, while by 00:03.00, the same white sedan has completed its turn and is now stationary in the intersection, angled toward the right side. The relationship is one of direct cause and effect: the white sedan’s maneuver into the intersection at 00:02.03 directly led to its position being stopped and stationary at 00:03.00, likely due to traffic signals or yielding to other vehicles. The consequence is that the vehicle has fully executed its turn and is now at rest, awaiting further traffic movement or signal changes."
89dbc0d3eeb9ba3c,C
affbd6860fa52167,"B) The white sedan, because it entered the intersection from the bottom of the frame against a red light."
5ee79ecb6dca5eba,"The direct consequence of the collision is that the white sedan and black SUV are immobilized at the intersection, blocking traffic flow. Other vehicles are forced to stop or maneuver around the wreckage, creating a congested and anomalous situation. The scene remains static with no immediate movement from the involved vehicles."
a39ab1147dae0cdf,"This video is captured from an elevated CCTV camera at a four-way intersection during early morning under wet, overcast conditions. The road has multiple lanes in each direction, separated by painted white dashed lines, with visible lane arrows indicating traffic flow toward and away from the camera. The asphalt surface is visibly wet from recent rain, reflecting vehicle lights. Traffic signals are present at all four corners, with pedestrian crosswalks marked on the pavement. Surrounding the intersection are residential houses, trees, and streetlights. A timestamp overlay in the bottom-left corner reads “2024-11-04 07:48:13.” Several vehicles are visible, including a black sedan and a white sedan."
25ba519407758594,A white sedan continues moving forward through the intersection after the collision. This movement represents a standard flow of traffic in a light-volume corridor.
054191168b960271,"{""start"": ""00:01"", ""end"": ""00:03""}"
b269882d243ed135,"The video shows a wet urban intersection with moderate traffic under overcast conditions. At 00:13, a white sedan enters the intersection from the top, while a black SUV approaches from the left. At 00:14, the white sedan veers sharply right, colliding with the black SUV, which skids sideways after impact. The white sedan continues forward, exiting the frame, while the black SUV remains stationary in the middle of the intersection. The root cause of the incident is the white sedan’s sudden, uncontrolled turn into the path of the black SUV."
ce31ea63667cefdc,No
ed88cec5e18e02c9,Yes
e223026a1b5a7cf9,No. There is no visible head-on collision in the intersection; vehicles are moving through the intersection without any signs of impact.
b750545f79928908,No. The white sedan does not continue driving forward after the impact; it appears to come to a stop or slow down significantly following the collision.
6fa82e9a52102922,"At 00:02.71, a dark sedan enters the intersection from the left, while by 00:06.34, the same sedan has completed its turn and is now moving toward the bottom of the frame, having yielded to other traffic. The relationship is one of sequential and operational, as the sedan’s maneuver through the intersection is a continuous phase of its journey, transitioning from entering the crosswalk to exiting the frame after completing its turn. The consequence is the sedan’s successful navigation through the intersection without incident, maintaining normal traffic flow."
d87ef0a05b4bbf41,B
b10f63dfec837fc6,C) The white sedan is pushed forward toward the bottom left lane and remains there.
c24b319f240256f2,"The root cause of the incident is the black sedan’s failure to yield the right-of-way at the intersection, as it enters the crosswalk path of the white sedan moving straight through the intersection. This results in a direct collision, indicating an anomalous and unsafe traffic interaction."
cd86fa73e31855be,"This video is captured from an elevated CCTV perspective at night, overlooking a four-way intersection in an urban setting. The road is multi-lane, with visible painted arrows directing traffic flow toward the camera and away from it; the surface appears wet, reflecting streetlights. Lane markings include dashed white lines and painted directional arrows. No traffic signals or signboards are visible. Surroundings include tall, illuminated buildings, trees, and streetlights. On-screen text identifies the location as “7th Ave & Virginia St” and “7th & Westlake.” A dark sedan and a white sedan are visible navigating the intersection."
9b4f10da3e4c28e1,"A dark sedan enters the intersection from the left, moving toward the bottom of the frame. This movement represents a standard flow of traffic in a light-volume corridor."
575e626b5eae563c,"{""start"": ""00:01"", ""end"": ""00:03""}"
0ce8646bbf50017e,"The video shows a nighttime urban intersection with moderate traffic flow and illuminated buildings surrounding the scene. At 00:01, a red arrow graphic appears, highlighting a dark-colored sedan approaching from the bottom of the frame. By 00:03, the sedan completes a turn into the intersection, followed closely by a white sedan that enters from the right. Both vehicles proceed through the intersection without incident, maintaining safe distances from each other and other traffic. All vehicles maintain their lanes and steady speeds without any collisions or anomalies. The root cause of the incident is none, as no anomalies occurred."
e5ce5fad08970791,No
4e98f97b32259759,Yes
456c1dfc674e2650,"No. There is no gray SUV in the video, and no rear-end collision occurs between any two SUVs."
c906b7c9ce7da4b4,"No. The traffic light for vehicles moving from top to bottom is red during the collision, as indicated by the illuminated red signal at the top of the frame."
8567e24d487530d7,"At 00:03.30, a black sedan is seen turning right into the intersection, while by 00:04.43, the same black sedan has completed its turn and is now moving straight through the intersection. The relationship is one of sequential and operational, as the vehicle’s maneuver from turning right to proceeding straight represents a natural continuation of its path through the intersection. The consequence is that the sedan has successfully transitioned from an intersection maneuver to continuing along its intended route, maintaining normal traffic flow."
def14cbbb5fc2638,A
75308f48684180e5,B) The gray SUV failed to maintain a safe following distance and speed to stop for the vehicle ahead.
00ed68fd0a20fe2b,"The direct consequences of the collision include visible damage to the black sedan and the red truck, with debris scattered across the intersection. Surrounding traffic is disrupted, as vehicles slow or stop to assess the scene, creating a congested and anomalous flow."
ca3805fd224e65e3,"This video is captured from an elevated traffic camera at night, overlooking a four-way intersection at 5th Ave & Mercer St – NS. The road is multi-lane with clear lane markings, including dashed white lines separating traffic lanes and painted crosswalks. Traffic flows in both directions, with vehicles approaching from the top and bottom of the frame, and the road surface appears wet, reflecting vehicle lights. Traffic signals are visible at the intersection, with red lights illuminated. Surrounding the intersection are buildings, streetlights, and a visible “QFC” store sign. A white bus is stopped at the top of the frame, and several cars, including a black sedan and a silver sedan, are in motion."
bff742f8b23f1fd7,"A black sedan enters the intersection from the left, turning right into the cross street. This movement represents a standard flow of traffic in a light-volume corridor."
c0c14803462b1fd9,"{""start"": ""00:05"", ""end"": ""00:07""}"
a95b8ca865a7cf3f,"The video shows a nighttime urban intersection at 5th Ave & Mercer St, NS, with moderate traffic flow and illuminated streetlights. At 00:02, a black sedan enters the intersection from the left, crossing paths with a silver sedan approaching from the right. The black sedan veers sharply left, colliding with the silver sedan at 00:04, causing both vehicles to skid and come to a stop. Debris is scattered across the intersection, and a pedestrian near the crosswalk appears startled and steps back. The root cause of the incident is the black sedan’s failure to yield the right-of-way and its abrupt directional change."
8c3f1f903cda5c4b,No
42d9dce7aa6d76e0,No
3490575a46bed1a4,No. There is no visible rear-end collision in the video; vehicles are moving normally without any signs of impact.
3964b7431d94f74a,"No. The traffic light remains green throughout the clip, and no collision occurs."
24ba4d0d904d8d35,"At 00:06.70, a white bus is moving forward in the right lane, while by 00:07.48, the bus continues moving forward, now slightly closer to the camera. The relationship is one of continuity and stability, as the bus maintains its trajectory and speed without interruption or change in lane, indicating normal traffic flow. The consequence is that the bus remains in its lane, steadily progressing toward the camera, with no visible deviation or incident affecting its path."
6a216c17602723c8,D
da2f192e318ee873,"D) The blue hatchback, because it failed to maintain a safe following distance and react to the lead vehicle's stop."
ea8813d9081b98b1,"The direct consequence of the collision between the blue and black hatchbacks is that both vehicles come to an abrupt stop in the right lane, disrupting the flow of traffic behind them. This creates a localized traffic jam, as vehicles behind are forced to brake or slow down, indicating an anomalous and disruptive event in an otherwise steady traffic flow."
82208bc78bd179bb,"This video is captured from an elevated traffic camera during daytime on a multi-lane divided street. The road features two lanes in each direction separated by a double yellow center line, with dashed white lane markings. Traffic flows toward the camera on the left side and away from the camera on the right side. Traffic signals are visible at the intersection ahead, and painted crosswalks are present. Sidewalks line both sides of the road, flanked by trees and buildings. On-screen text in the lower-left corner reads “15 Ave NE & LC#.” A white and teal bus, a blue sedan, and a red sedan are visible among other vehicles."
08a18d5685dd6590,"A white bus moves forward through the intersection, maintaining its lane position as it proceeds down the road. This movement represents a standard flow of traffic in a light-volume corridor, with no anomalies or disruptions observed."
7ebb9d7223e9b45b,"{""start"": ""00:00"", ""end"": ""00:01""}"
d38d7661bfef0f83,"The video shows moderate urban traffic flowing along a multi-lane street with vehicles moving in both directions under green traffic lights. At 00:03, a white and teal bus enters the frame from the bottom right, traveling toward the camera in the rightmost lane. By 00:05, the bus has fully entered the frame and begins to decelerate as it approaches an intersection. A red sedan in the left lane continues forward without incident. All vehicles maintain their lanes and steady speeds without any collisions or anomalies. The root cause of the incident is none, as no anomalies occurred."
cfd6e27918281c9f,Yes
bb86121acffec3a9,Yes
5d252cc4131cc4e1,Yes. The silver pickup collides with the red truck as the pickup enters the intersection from the right side of the frame.
daca74bbc0ab881d,No. The blue truck carrying a black tractor does not collide with any other vehicle; it continues moving forward without any visible impact.
86d8a3b22bf94700,"At 00:00.15, a red tractor-trailer is visible approaching the intersection, while by 00:03.12, the same tractor-trailer has collided with a silver pickup truck that entered the intersection from the right. The relationship is one of direct cause and effect: the tractor-trailer’s path and speed, combined with the pickup truck’s sudden entry, resulted in the collision. The consequence is the immediate impact, visible as the vehicles make contact and the pickup truck is pushed sideways into the path of oncoming traffic."
c0e329e555370ce1,A
14920b2c182ea478,A) Both vehicles are pushed out of the frame towards the left.
ecb89f32ec979638,"The root cause of the incident is a silver pickup truck pulling a trailer that enters the intersection from the right, colliding with a red tractor-trailer. The truck’s path cuts across the intersection, disrupting the orderly flow of traffic waiting at the stoplight. This is an anomalous and dangerous maneuver."
640ffac9ef2b9295,"This video is captured from an elevated traffic camera during daylight hours, showing a multi-lane divided highway with a four-way intersection at the center. The road has multiple lanes in each direction separated by a grassy median, with dashed white lane markings and painted turn arrows visible. The surface appears dry. Traffic signals are present at the intersection, with red lights illuminated. Surrounding the intersection are commercial buildings, trees, and streetlights. On-screen text “TRY-CAM-171C” is visible in the lower-left corner. A silver pickup truck, a white sedan, and a red tractor on a flatbed trailer are visible in the frame."
50f166e778849850,"A gray pickup truck enters the intersection from the right, pulling a flatbed trailer carrying a red tractor. This movement represents a standard flow of traffic in a light-volume corridor, with the truck navigating the intersection without obstruction."
b07ceb9cb7cfc7cf,"{""start"": ""00:02"", ""end"": ""00:04""}"
4f3f4c701307f659,"The video shows a busy intersection with multiple lanes of traffic and commercial buildings in the background. At 00:02, a silver pickup truck enters the frame from the right, pulling a flatbed trailer carrying a red tractor. At 00:03, the silver pickup collides with a red semi-truck that is turning left from the top of the frame. The impact causes the silver pickup to spin and skid across the intersection, while the red tractor detaches and rolls toward the bottom-left corner. The root cause of the incident is the silver pickup truck failing to yield to the turning semi-truck, resulting in a collision."
1acdd9a8f73ed529,Yes
9760df93b8d8e9cd,No
8211ef2083375763,"Yes. A blue sedan enters the intersection from the left and collides with a dark-colored vehicle approaching from the right, resulting in a T-bone collision."
4816ec3eebe0d711,No. The white sedan is visible in the frame but does not appear to be involved in the collision; it remains stationary on the right side of the intersection.
17aef697a2bba451,"At 00:03.44, a blue sedan is seen sliding across the intersection after a collision, while by 00:09.11, the sedan has come to rest near the center of the intersection with visible damage. The relationship is one of direct cause and effect: the initial collision at 00:03.44 caused the sedan to lose control and slide, resulting in its final position and state of rest by 00:09.11. The consequence is the sedan’s immobilization and visible damage, indicating the collision’s impact on its trajectory and operational state."
8dbd0d62b826d9f4,C
68077680b510cb32,A) The black sedan moving from the top of the frame toward the bottom.
69e4ed8da21ccdcd,"The direct consequence of the collision between the two black sedans is that both vehicles spin out of control and come to rest in the intersection. This results in a chaotic, anomalous disruption of the otherwise steady traffic flow, with debris scattered and other vehicles forced to alter their paths."
99a1b17cff20eee4,"This video is captured from an elevated traffic camera at dusk, showing a multi-lane divided highway with a four-way intersection at its center. The road has multiple lanes in each direction separated by a wide median, with dashed white lane markings and painted arrows guiding traffic flow toward and away from the camera. No traffic signals or signboards are visible. Surroundings include commercial buildings, trees, and streetlights, with a “Bassett” sign visible on the right. A timestamp overlay reads “Thu Sep 25 2025 17:49:42.61.” Several vehicles, including a white sedan and a black SUV, are present on the road."
c159112bb7662fbb,"A dark-colored sedan enters the intersection from the left, moving toward the bottom of the frame. This movement represents a standard flow of traffic in a light-volume corridor."
2eca72a8c5f53e4e,"{""start"": ""00:00"", ""end"": ""00:03""}"
775203ae96c36855,"The video shows a wide intersection with moderate traffic flow and visible crosswalks, captured from an elevated fisheye perspective. At 00:42, a blue sedan enters the intersection from the left, crossing paths with a black SUV approaching from the top. The blue sedan veers sharply right, colliding with the black SUV at 00:43, causing both vehicles to spin and skid across the intersection. The blue sedan comes to rest near the center, while the black SUV slides toward the bottom-right corner. The root cause of the incident is the blue sedan’s failure to yield the right-of-way and its abrupt directional change."
c32afc3e68f03cdd,Yes
47779579043a248f,No
923a346e2ffde188,No. The blue and silver truck and the red hatchback do not make contact; the truck continues moving left while the hatchback proceeds straight through the intersection.
db55efbb398cdf3c,"No. The blue and silver truck continues to move forward after the collision, turning left and exiting the intersection."
c3ae61d2415f8769,"At 00:10.75, a large blue semi-truck with a silver tanker trailer is turning left across the intersection, while by 00:11.59, the truck has completed its turn and is now moving straight through the intersection, having cleared the crosswalk and the intersection’s center. The relationship is one of direct cause and effect: the truck’s left turn initiated the maneuver that directly resulted in its subsequent straight movement through the intersection. The truck’s successful completion of the turn at 00:10.75 allowed it to proceed straight through the intersection by 00:11.59, indicating a smooth, uninterrupted transition of its path."
c61b7144c40a3445,B
c7b31e911b2c6b32,C) A blue and silver truck was executing a left turn and its rear collided with a stopped red hatchback.
cc22ae03df27cadb,"The root cause of the incident is the failure of the blue tanker truck to yield properly to oncoming traffic while making a turn. The truck’s large size and delayed maneuvering created a hazardous gap, leading to a collision with a silver sedan. This behavior is anomalous and disrupts the otherwise orderly traffic flow."
4ad958d7d3947ede,"This video is captured from an elevated CCTV camera at a four-way intersection on a cloudy day. The road has multiple lanes in each direction, separated by painted white lines and a central island with landscaping. Traffic flows toward and away from the camera, with lane markings indicating turns and directions. No traffic signals or signboards are visible. Surroundings include trees, sidewalks, and buildings in the background, with a timestamp overlay reading “Sat Oct 4 2025 11:22:30.69”. A blue semi-truck, a red sedan, and several other cars are visible on the road."
90d15ea5aead93e9,"A black SUV accelerates forward and moves toward the camera, crossing into the intersection. This movement represents a standard flow of traffic in a light-volume corridor."
fcf0da5af5fd2920,"{""start"": ""00:12"", ""end"": ""00:17""}"
156a6ee35fb21ea8,"The video shows a busy intersection with multiple vehicles navigating through traffic under overcast skies. At 00:05, a blue semi-truck with a silver tanker trailer enters the frame from the right, turning left into the intersection. By 00:10, the truck completes its turn and begins to exit the frame toward the bottom. At 00:15, a black SUV crosses the intersection from the top, narrowly avoiding a collision with the truck’s rear. The SUV continues through the intersection without incident. All vehicles maintain their lanes and steady speeds without any collisions or anomalies. The root cause of the incident is the close proximity of the black SUV and the semi-truck during the turn, though no actual collision occurred."
c93d42538842ca71,No
8c76e0feba0ff499,No
7ab17d01701f06a3,"No. The white sedan is visible entering the intersection after the traffic light has turned green, indicating it did not run a red light."
875bd53259e6b543,"No. The vehicles involved in the collision appear to be moving in perpendicular directions, suggesting a T-bone or side-impact collision rather than a direct head-on crash."
12379eeab692f147,"At 00:04.35, a red sedan is seen turning left into the intersection, while by 00:12.60, the same red sedan has completed its turn and is now moving straight through the intersection. The relationship is one of sequential and operational, as the vehicle’s maneuver from turning left to proceeding straight represents a natural progression of its path through the intersection. The consequence is that the vehicle has transitioned from an intersection maneuver to continuing along its route, maintaining normal traffic flow without interruption."
72961fe0b8dcd58b,D
6dddc9a33131626e,"C) The white sedan spins out of control and is eventually stalled in the 4th lane, while the red sedan is stalled in the middle of the intersection."
ba5ae2881701bfa2,"The root cause of the incident is a black SUV turning left into the path of a red sedan that was proceeding straight through the intersection. The SUV’s turn was not fully completed before the sedan entered its path, resulting in a collision. This interaction is anomalous and disrupts the otherwise orderly traffic flow."
5c866a8e1e961e23,"This video is captured from an elevated CCTV camera during daytime under overcast skies, showing a multi-lane divided highway intersecting with a perpendicular road at a four-way intersection. The road features multiple lanes in each direction separated by a central median with a yellow line, and the surface appears wet. Traffic flows toward and away from the camera on the main road, while vehicles approach from the left and right on the intersecting road. Traffic signals and crosswalks are visible at the intersection, but no sidewalks or bus stops are apparent. Surrounding the intersection are trees, utility poles, and distant buildings, with on-screen text indicating the location as “Hallandale Beach Blvd at N 56th Avenue.” A red sedan, a white pickup truck, and a yellow and orange bus are visible among the vehicles."
97a1c59993f59e5d,"A red sedan makes a sharp turn toward the right side of the intersection. This movement represents a deviation from standard traffic flow, likely indicating an evasive maneuver or collision avoidance."
8052b200b70bf5f3,"{""start"": ""00:03"", ""end"": ""00:06""}"
a6df1c263293574b,"The video shows a busy intersection at Hallandale Beach Blvd and N 56th Avenue with moderate traffic flow and standard traffic signals. At 00:03, a red sedan enters the intersection from the top of the frame and proceeds through the crosswalk. At 00:15, a yellow and orange bus enters from the left, crossing paths with the red sedan, which swerves slightly to avoid collision. The bus continues through the intersection without incident, while the red sedan proceeds cautiously. The root cause of the incident is the red sedan’s sudden swerve to avoid the bus, which caused a momentary disruption in traffic flow."
d44eae45c7ac689c,Yes
757c67bffb941dee,Yes
414a24bc4ca97a6e,"Yes. The white sedan enters the intersection and makes contact with the stopped black truck, causing visible damage to the front of the sedan."
b8c2b038f0f9d7f3,No. The white SUV is stationary at the intersection and does not appear to be involved in any collision.
d8a9548095d6879a,"At 00:03.83, a white sedan enters the intersection from the right, moving toward the camera, while by 00:05.60, the same white sedan has collided with a dark-colored vehicle that was stopped in the intersection. The relationship is one of direct cause and effect: the white sedan’s entry into the intersection at 00:03.83 directly led to the collision with the stopped vehicle at 00:05.60, as evidenced by the visible impact and resulting damage to both vehicles. The consequence is the visible deformation of the white sedan’s front end and the dark vehicle’s rear, indicating a sudden, forceful impact."
24fcbe7b6da6911d,B
18f0e24fb5112fa4,"B) The black truck and both white sedans become stalled, obstructing the roadway."
26ca49354b9f2407,"The root cause of the incident is a white sedan entering the intersection from the bottom right, failing to yield to a black SUV and a red truck already in the intersection. The sedan’s sudden and uncontrolled entry disrupts the orderly flow, causing a collision with the black SUV. This behavior is anomalous and hazardous."
7f2697f67343388f,"This video is captured from an elevated traffic camera at night, showing a four-way intersection. The road layout features multiple lanes in each direction, separated by painted lane markings including dashed white lines and directional arrows; the surface appears dry. Traffic flows in all four directions, with vehicles entering and exiting the frame. No traffic signals or signboards are visible. Surroundings include trees and streetlights along the edges, with a “Traffic Cam Watch” watermark and timestamp overlay. A white sedan, a black SUV, and a white pickup truck are visible among the road users."
bdaf2ba90ec832b8,"A white sedan enters the intersection from the right, moving toward the camera. The sedan collides with a dark-colored vehicle already in the intersection, causing visible damage and debris to scatter."
dd777eb8c13c6c08,"{""start"": ""00:00"", ""end"": ""00:07""}"
b77aa352c502deb8,"The video shows a nighttime intersection with multiple vehicles navigating under artificial lighting, initially appearing to move normally. At 00:03, a white sedan enters the intersection from the bottom right, crossing paths with a black SUV and a white sedan already in the intersection. The white sedan collides with the black SUV at 00:05, causing visible damage to both vehicles and scattering debris. The white sedan then comes to a stop with its driver’s side door open, and the driver appears to exit the vehicle at 00:08. The root cause of the incident is the white sedan’s failure to yield the right-of-way, resulting in a collision with the black SUV."
70a978cc3e2e87b1,No
1347f074fb0fbfda,No
684eee295aec4e23,No. The white sedan is not visible making a left turn or involved in any collision in the provided frames.
a394d13698b10171,No. The yellow pickup truck remains stationary in the parking lot and does not interact with any moving vehicles.
e6af29fd5c68c513,"At 00:00.00, multiple vehicles are moving steadily along East 6th Ave S & S Michigan St, while by 00:06.99, traffic continues flowing with no significant changes or disruptions. The relationship is one of continuity and stability, as the vehicles maintain consistent speeds and lane positions without any abrupt maneuvers or incidents interrupting the flow. The steady progression of traffic from the first to the second moment indicates that the road conditions and driver behavior remained unchanged throughout the observed period."
46f68ecadd23c893,B
726f6cd141832945,"D) The white sedan, for failing to yield the right-of-way to oncoming traffic while making a left turn from lane three."
2f25908e42bc60b8,"The direct consequences of the collision on the traffic flow in the roadway are visible disruptions and slowdowns. Vehicles in the affected lanes and adjacent lanes decelerate or come to a stop, causing a ripple effect of congestion. The traffic flow becomes anomalous and congested, with vehicles queuing up behind the incident site."
fb64991419e11f04,"This video is captured from an elevated traffic camera during daytime under clear, sunny weather, overlooking a multi-lane divided highway. The road features three lanes in each direction separated by a double yellow line and a narrow median; traffic flows toward the camera on the left and away from the camera on the right, with dashed white lane markings on the roadway. No traffic signals or signboards are visible. Surroundings include commercial buildings, trees, and streetlights, with on-screen text overlaying the top of the frame indicating “East 6th Ave S & S Michigan St.” Several vehicles, including a red sedan, a white van, and a black SUV, are visible moving along the road."
ed1911dfae181f75,"A red sedan moves forward in the right lane, maintaining its position as it travels toward the camera. This movement represents a standard flow of traffic in a light-volume corridor, with no anomalies or disruptions observed."
e2a7150553ccc1af,"{""start"": ""00:02"", ""end"": ""00:03""}"
210d84339707b7db,"The video shows moderate daytime traffic flowing along East 6th Ave S & S Michigan St, with vehicles moving steadily in both directions. At 00:01, a red sedan enters the frame from the bottom, accelerating toward the camera. By 00:03, a white van overtakes a black SUV in the left lane, maintaining a safe distance. At 00:05, a silver sedan slows slightly before resuming speed. All vehicles maintain their lanes and steady speeds without any collisions or anomalies. The root cause of the incident is none, as no anomalies occurred."
6f20b732869267fc,No
5458253e7973dc1e,No
63990281c9c46e84,"No. The white SUV continues moving forward after the collision, indicating it does not remain at the scene."
bb3d16840491a3ad,No. The black sedan is moving forward in its lane and does not appear to collide with any other vehicle.
ecd215c905530c4b,"At 00:05.56, a black SUV is seen turning right into the intersection, while by 00:07.69, the same black SUV has completed its turn and is now proceeding straight through the intersection. The relationship is one of sequential and operational, as the SUV’s maneuver from turning right to continuing straight represents the natural progression of a vehicle completing a turn and resuming forward motion. The consequence is that the SUV has successfully transitioned from an intersection maneuver to uninterrupted travel along its designated path."
1c15616dc77a7bd5,A
1fac651f1130a7e1,D) The black sedan is pushed out of the intersection and onto the sidewalk.
a104709b3f61c65c,"The root cause of the incident is the black SUV failing to yield the right-of-way at the intersection. The SUV enters the intersection from the right while a white sedan is already in the crosswalk, leading to a collision. This behavior is anomalous and disrupts the otherwise orderly traffic flow."
91cf298b2d7b760d,"This video is captured from an elevated traffic camera at dusk on a multi-lane divided highway intersection. The road has three lanes in each direction separated by a painted median, with dashed white lane dividers and painted turn arrows visible. The surface appears wet, reflecting vehicle lights. Traffic signals are present at the intersection, with a green light for the direction of travel shown. Surroundings include an overpass overhead, graffiti-covered walls, and streetlights. On-screen text identifies the location as “HARBOR AND SPOKANE ST SOUTH AVALON WAY.” Several vehicles, including a white sedan and a dark SUV, are visible moving through the intersection."
653154e836bb2c12,"A black SUV accelerates forward, moving toward the camera while maintaining its lane. This movement represents a standard flow of traffic in a light-volume corridor."
72f796f82efef4c6,"{""start"": ""00:04"", ""end"": ""00:06""}"
95dfe82618520422,"The video shows a steady flow of traffic under an overpass at the intersection of Harbor and Spokane Street on South Avalon Way, with vehicles moving in both directions under green traffic signals. At 00:03, a dark SUV enters the frame from the bottom right, merging into traffic ahead of a white sedan. By 00:05, the SUV closely follows the sedan, which begins to decelerate slightly. At 00:07, the SUV appears to brake abruptly, causing the sedan to slow further, but no collision occurs. The root cause of the incident is the SUV’s sudden braking maneuver, which prompted the sedan to adjust its speed. All vehicles maintain their lanes and steady speeds without any collisions or anomalies."
12ba185bd12d2955,Yes
1a427c2bf8f27c9c,No
cf7ab7d166c57e07,Yes. A dark sedan enters the intersection from the left and collides with a white sedan that is turning right from the top of the frame.
436048509249d62a,"No. The white sedan veers left into the intersection, crossing into the path of oncoming traffic."
c5883782282cacc6,"At 00:06.60, a red car is seen braking and slowing as it approaches an intersection, while by 00:09.86, the same red car has come to a complete stop at the stop line, with its brake lights illuminated. The relationship is one of sequential and operational, as the car’s deceleration at the earlier moment directly preceded its full stop at the later moment, indicating a standard traffic maneuver to comply with the stop signal. The consequence is that the vehicle successfully halted in accordance with traffic control, maintaining safety and order at the intersection."
1eceb81b6a144bbd,B
3ed3a35936102129,B) The oncoming sedan is pushed out of the intersection into a crosswalk.
caa2ffb18cb2ea1f,"The black sedan is at fault for the collision, having failed to yield the right-of-way at the intersection. It entered the intersection from the left while a white sedan was already in the crosswalk, violating traffic rules and causing a direct impact. The behavior was anomalous and dangerous."
04a48c19fd7d7720,"This video is captured from an elevated traffic camera at night, overlooking a multi-lane divided highway intersection. The road has at least three lanes in each direction, separated by a concrete median, with painted lane arrows and dashed white lines visible. The surface appears wet, reflecting vehicle lights. Traffic signals are present, with a green light for the direction of travel toward the camera and a red light for oncoming traffic. Sidewalks and streetlights line the road, with buildings visible in the background. On-screen text identifies the location as “HARBOR AND SPOKANE ST SOUTH_AVALON_WAY.” A dark sedan and a white sedan are visible, moving through the intersection."
2c79e84584cd48ef,"A black sedan accelerates forward through the intersection, its brake lights illuminating as it clears the crosswalk. This movement represents a standard flow of traffic in a light-volume corridor, with no visible anomalies or disruptions occurring during the interval."
ed867b50d975e433,"{""start"": ""00:05"", ""end"": ""00:08""}"
825e8a471238e218,"The video shows nighttime traffic at an intersection under an overpass, with vehicles moving through a controlled signalized crossroad. At 00:02, a dark sedan enters the frame from the bottom right, proceeding toward the camera. At 00:05, a white sedan follows closely behind, also moving toward the camera. At 00:07, the white sedan abruptly veers left into the path of the dark sedan, causing a collision. The dark sedan’s front end impacts the white sedan’s rear, resulting in both vehicles coming to a stop with visible damage. The root cause of the incident is the white sedan’s sudden and unsafe lane change into the path of the oncoming dark sedan."
c5dac7f2f7b7f60a,No
cc6bd871321dc533,Yes
8c356f61fff0499f,"No. The dark red sedan is moving forward through the intersection in accordance with the green traffic signal, indicating it is proceeding correctly."
44f6de70b3067054,"No. The video does not show any vehicle running a red light; instead, it depicts a collision occurring as vehicles proceed through the intersection under green traffic signals."
6e892dec50069dac,"At 00:03.35, vehicles are moving through the intersection with traffic lights green, while by 00:08.23, more cars continue to pass through the same intersection under steady traffic flow. The relationship is one of continuity and stability, as the traffic maintains its organized progression without interruption or change in signal phase between the two moments. The consequence is that the flow of vehicles persists uninterrupted, indicating normal, uneventful traffic conditions throughout the observed period."
2e0196b71457958d,D
617736a3265ded5b,"B) The dark red sedan, for running a red light while entering the intersection from the bottom."
ad3d5f30ec697a5d,"The root cause of the incident is a red truck making a left turn into oncoming traffic while the intersection’s traffic lights are green for the opposing direction. The truck’s maneuver directly conflicts with a vehicle traveling straight through the intersection, resulting in a collision. This behavior is anomalous and violates standard traffic flow protocols."
511ece4bcc0884b4,"This video is captured from an elevated traffic camera at night, overlooking a four-way intersection. The road is multi-lane, with clearly marked lanes and painted crosswalks; the surface appears wet, reflecting vehicle lights. Traffic flows in both directions, with lanes separated by painted lines and directional arrows visible. Traffic signals are present at the intersection, with green lights illuminated for through traffic. Surroundings include streetlights, trees, and buildings in the background, with on-screen text reading “NS 130th & Aurora.” Several vehicles, including a white sedan and a dark SUV, are visible navigating the intersection."
0f9f0c1b36cd1331,"A black SUV moves forward through the intersection, following the green light. This movement represents a standard flow of traffic in a light-volume corridor."
f4dea9e11f3d18fc,"{""start"": ""00:00"", ""end"": ""00:01""}"
0cdc60a73ecd5596,"The video shows a nighttime urban intersection at NS 130th & Aurora, with moderate traffic flow and active traffic signals. At 00:03, a dark sedan enters the frame from the bottom right, turning left into the intersection. At 00:07, a white SUV follows, also turning left, but appears to drift slightly into the path of an oncoming vehicle. At 00:10, a collision occurs between the white SUV and a dark sedan approaching from the opposite direction, resulting in visible skidding and a brief stop. The root cause of the incident is the white SUV’s failure to yield properly to oncoming traffic while executing the turn."
baa46994ca09c69f,No
01897e2c4268130d,Yes
2f0faacc08c165df,No. There is no visible pedestrian struck by a vehicle in the video.
9e658f5c5954cba4,"No. The gray SUV is seen turning left at the intersection while the traffic light is green, indicating it did not run a red light."
e9237b4b7aacf871,"At 00:00.00, multiple vehicles are navigating the intersection of NS 130th & Aurora, with a white sedan turning right and others moving through lanes, while by 00:04.77, traffic continues flowing steadily with vehicles maintaining their paths across the intersection. The relationship is one of continuity and stability, as the traffic flow remains consistent without disruption or incident between the two moments, indicating normal progression of vehicles through the intersection. The state of steady traffic persists, with no significant changes in vehicle behavior or traffic signals observed between the timestamps."
f73649c353cbba3f,D
87b415f76b7915d5,C) The gray SUV failed to stop in time for the stationary vehicle ahead of it.
0c5dde85dcd0bcfd,"The direct consequence of the collision between the gray SUV and the gray sedan is that both vehicles come to an abrupt stop in the intersection, disrupting the flow of traffic. The impact causes a visible skid mark on the road surface, indicating a sudden deceleration. This event introduces an anomalous disruption into the otherwise steady traffic flow."
016b2813ad88f686,"This video is captured from an elevated traffic camera during daylight hours, overlooking a four-way intersection at NS 130th & Aurora. The road is multi-lane with clear lane markings including dashed white lines and painted arrows indicating turn directions; the surface appears dry. Traffic flows in all four directions, with vehicles moving toward and away from the camera, separated by a central median. Traffic signals are visible at each approach, along with marked crosswalks and sidewalks. Surroundings include trees, overhead utility lines, and distant buildings. On-screen text identifies the location. Several vehicles, including a white sedan and a black SUV, are visible navigating the intersection."
c1a5ec25587e9be7,"A dark gray sedan crosses the intersection from left to right, moving toward the camera. This movement represents a standard flow of traffic in a light-volume corridor."
6b1f3126708c9fa6,"{""start"": ""00:07"", ""end"": ""00:09""}"
dec0eb6e1c0b9606,"The video shows a busy urban intersection at NS 130th & Aurora with multiple lanes of traffic flowing under an overpass. At 00:02, a white sedan crosses the intersection from left to right, followed by a dark gray sedan that enters from the top of the frame. At 00:05, a black SUV turns right from the bottom right, nearly colliding with a silver sedan that is turning left from the top left. The silver sedan swerves slightly to avoid contact, and both vehicles continue moving without stopping. The root cause of the incident is the close proximity and simultaneous maneuvers of the silver sedan and black SUV in a high-traffic environment."
60e41492c5552515,Yes
ade0311656dd56a5,Yes
fa9954bf732507e6,No. There is no visible rear-end collision in the video; vehicles are moving independently without any signs of impact.
4bd523680ba3339b,"No. The white SUV is seen turning left at the intersection while the traffic light is red, but it does not appear to be running the red light as it is turning in a legal manner."
940b496bb8755736,"At 00:03.75, a red car is seen braking and slowing down in the intersection, while by 00:06.95, the same red car has come to a complete stop with its brake lights illuminated. The relationship is one of sequential and operational, as the car’s deceleration at the earlier moment directly led to its full stop at the later moment, likely in response to traffic signals or pedestrian activity. The consequence is that the vehicle has fully ceased motion, indicating it has yielded to traffic control or pedestrian crossing, maintaining safe traffic flow."
17db26c2c93abde4,A
7209289267cf77ea,A) The white hatchback is pushed into the third lane from the left.
90f02eb93bc35391,"The root cause of the incident is the red sedan’s failure to maintain a safe following distance from the white sedan ahead. The red sedan’s brake lights illuminate abruptly, indicating sudden deceleration, while the white sedan continues forward steadily. This abrupt stop by the red sedan, without visible cause from the white sedan, creates an anomalous and dangerous traffic event."
6113b21b2cb60552,"This video is captured from an elevated traffic camera at night, overlooking a four-way intersection on a wet urban street. The road has multiple lanes in each direction, separated by a painted centerline and a metal grate median. Traffic flows toward the camera on the left and away from the camera on the right, with dashed white lane markings visible. No traffic signals or signboards are visible. Surroundings include tall buildings, trees, and streetlights, with on-screen text reading “North” and “3rd & Yesler.” A white sedan and a black sedan are visible, along with a cyclist on the right sidewalk."
eab338ec15205fa4,"A black sedan continues moving forward through the intersection, its brake lights illuminating as it slows. This movement represents a standard flow of traffic in a light-volume corridor."
e6ad8b0863dd8790,"{""start"": ""00:01"", ""end"": ""00:03""}"
6a1e2fa543fa5658,"The video shows a nighttime urban intersection at 3rd & Yesler with moderate traffic flow and visible streetlights illuminating the scene. At 00:00, a white sedan approaches from the distance, followed closely by a black sedan entering the frame from the bottom right. The black sedan proceeds through the intersection, its brake lights illuminating as it slows near the center. A cyclist appears on the right sidewalk, moving toward the camera, and remains unimpeded by the vehicles. All vehicles maintain their lanes and steady speeds without any collisions or anomalies. The root cause of the incident is the absence of any traffic disruption or collision."
dfdb28b9e113bb18,No
58187e4c5f4c88ed,No
373d4345e9113881,No. The collision involves only two vehicles: a white truck and a black sedan.
ad16c345e36d0f7e,No. There is no visible red light or indication of a vehicle running a red light in the video.
4814278563cb5ca3,"At 00:02.32, a white truck is moving forward in the right lane, while by 00:03.98, the same truck continues forward, now positioned closer to the center of the lane. The relationship is one of continuity and stability, as the truck maintains its trajectory without interruption or change in speed or lane position between the two moments. The truck’s steady progression through the intersection confirms uninterrupted traffic flow, with no visible change in its state or interaction with surrounding vehicles."
24825e7ba4a6e242,B
ee39d6904afce888,"A) The white truck, because it slowed down and stopped in the active lane."
24d98e4a3ca1af4f,"The direct consequence of the collision involving the white truck, black SUV, and gray SUV is a disruption in traffic flow, causing vehicles behind to slow or stop. The incident creates an anomalous, congested situation as vehicles react to the sudden stop, altering the otherwise steady traffic pattern."
7081ca51932340c8,"This video is captured from an elevated traffic camera at daytime, showing a multi-lane divided road at an intersection labeled “West Greenlake & 46th.” The road has at least three lanes in each direction, separated by a painted median with a double yellow line. Traffic flows toward the camera on the left and away from the camera on the right, with painted lane arrows visible. No traffic signals or signboards are visible. The surroundings include a colorful mural-covered wall along the right sidewalk, streetlights, and parked cars. A white truck and a white sedan are visible on the left side of the road."
57a68b3585be532d,"A black SUV moves forward in the left lane, maintaining its position relative to the white truck ahead. This movement represents a standard flow of traffic in a light-volume corridor."
a7edd0166e8934f6,"{""start"": ""00:00"", ""end"": ""00:04""}"
4854baeea81beb12,"The video shows a steady flow of traffic on a multi-lane road at the intersection of Greenlake & 46th, with a colorful mural lining the sidewalk. At 00:00, a white box truck is seen driving west in the right lane, followed closely by a black sedan. At 00:02, the black sedan begins to drift slightly into the left lane, narrowly avoiding a collision with a white sedan in the adjacent lane. The white sedan continues forward without incident. The root cause of the incident is the black sedan’s sudden lane drift, which created a near-miss but no actual collision. All vehicles maintain their lanes and steady speeds without any collisions or anomalies."
fe9e036845721029,No
e29b9a71b0b011f7,No
0f6ec27e453c6c89,No. There is no visible rear-end collision in the video; vehicles are moving normally without any signs of impact.
843ccf9da57931c4,No. There is no visible side-by-side collision in the video; vehicles are moving normally without any signs of impact.
da66c28fef1a3e59,"At 00:06.77, a pedestrian is crossing the street near the bus lane, while by 00:08.01, a black sedan enters the frame from the right, moving toward the camera. The relationship is sequential and operational, as the pedestrian’s crossing precedes the sedan’s arrival, indicating normal traffic flow where vehicles continue to move through the intersection after a pedestrian has begun crossing. The consequence is that the sedan’s entry into the frame follows the pedestrian’s movement, maintaining the expected progression of traffic without disruption."
9a349c03bd809f0b,B
c82ed95edcd6e411,"A) The black sedan, because it failed to maintain a safe following distance and hit a stopped vehicle."
51ca381f716668a2,"The direct consequence of the collision is a sudden stop of the involved vehicles, causing a disruption in the flow of traffic. The collision creates an anomalous event in an otherwise steady traffic flow, forcing surrounding vehicles to brake or alter their paths."
93a58f871dfd2c39,"This video is captured from an elevated traffic camera during daylight hours, showing a multi-lane urban street with a central median. The road is divided into three lanes: two for through traffic and one dedicated bus lane marked with red paint and “BUS ONLY” text. Traffic flows in both directions, with vehicles moving toward the camera on the right and away from the camera on the left. The road surface appears dry, and lane markings include double yellow lines separating opposing traffic and painted arrows indicating direction. No traffic signals or signboards are visible. Surroundings include multi-story buildings, trees, and streetlights lining both sides of the street. On-screen text reads “West Boren & Madison St EW.” A silver SUV and a black sedan are visible in the foreground."
65227780b452b6af,"A black SUV enters the frame from the bottom right, moving toward the camera. This movement represents a standard flow of traffic in a light-volume corridor."
b7a15eb1fb4acd54,"{""start"": ""00:00"", ""end"": ""00:01""}"
7549b75330e27279,"The video shows a typical urban street scene at the intersection of Boren & Madison St EW, with moderate traffic flow and pedestrians crossing designated crosswalks. At 00:00, a black sedan enters the frame from the bottom right, moving toward the camera. A silver SUV and a white sedan are parked along the left curb, while a black SUV drives past in the opposite direction. Two pedestrians cross the street near the center, moving from right to left. All vehicles maintain their lanes and steady speeds without any collisions or anomalies. The root cause of the incident is none, as no incident occurred."
8db34f0b1637ef70,No
6f713edd4b05533e,No
4918b5e9f6626319,No. The black SUV does not flip over; it continues moving forward after the collision.
8991f6f94f423130,No. The white SUV is not involved in the collision; it continues moving forward without any interaction with the black SUV that turns left.
604495593e42b3b9,"At 00:04.75, a black SUV is turning right across the intersection, while by 00:07.45, the same black SUV has completed its turn and is now moving away from the intersection toward the bottom of the frame. The relationship is one of sequential and operational, as the SUV’s maneuver from 00:04.75 to 00:07.45 represents the completion of a right turn, transitioning from crossing the intersection to continuing along its new path. The consequence is that the SUV has successfully cleared the intersection and is now proceeding along the road, indicating the maneuver was executed and the traffic flow resumed normally."
b8211c51caef89f8,A
7fec692569b38ae3,D) The gray sedan failed to yield the right-of-way while initiating a left turn across the path of the black sedan.
716d71940fe632ea,"The direct consequence of the collision between the gray sedan and the black sedan is that both vehicles come to an abrupt stop in the intersection, disrupting the flow of traffic. The impact causes visible damage to the front of the gray sedan and the side of the black sedan, indicating a forceful, anomalous collision that halts the orderly progression of vehicles."
5419a30e0f3b8b0a,"This video is captured from an elevated traffic camera during daytime, showing a four-way intersection on a multi-lane urban street with dry pavement. The road has multiple lanes in each direction separated by a painted centerline, with dashed white lines marking turning lanes and crosswalks at the intersection. Traffic flows in both directions, with vehicles moving toward and away from the camera. A traffic signal is visible at the intersection, and painted crosswalks are present. Surroundings include commercial buildings on both sides, trees along the sidewalks, and a visible sign for “Auto Sales” on the left. A white sedan, a black SUV, and a red pickup truck are among the vehicles present."
30f723baa737608e,A black SUV crosses the intersection from right to left. This movement represents a standard flow of traffic in a light-volume corridor.
6b2f2e585ec26c48,"{""start"": ""00:05"", ""end"": ""00:08""}"
1560590e79276ed1,"The video shows a busy urban intersection with multiple lanes of traffic moving in both directions under clear daylight conditions. At 00:01, a white sedan enters the frame from the bottom, crossing the intersection. At 00:05, a black SUV turns right from the top lane, narrowly avoiding a collision with a red pickup truck that is also turning right. The red pickup truck appears to swerve slightly to avoid the SUV, indicating a near-miss. The root cause of the incident is the close proximity and simultaneous right turns of the black SUV and red pickup truck. All vehicles maintain their lanes and steady speeds without any collisions or anomalies."
d7527a8ff2c8e6f4,No
f30005d61f9c90eb,No
2607dc33cb6a551e,No. The green pickup truck and the white sedan are seen moving in different lanes and do not make contact.
9280f653a9f58b23,No. The red and yellow bus does not collide with any other vehicle; it is seen moving along the road without any visible impact or interaction with other vehicles.
30a528c4c756d4e2,"At 00:08.85, a red car is seen pulling into the right-turn lane near the traffic cones, while by 00:10.87, the same red car has completed its turn and is now moving away from the intersection. The relationship is one of sequential and operational, as the red car’s maneuver into the turn lane at the first timestamp directly precedes its departure from the intersection at the second. The consequence is that the red car successfully executed its turn and resumed travel down the road, indicating a normal progression of traffic flow without disruption."
df387f26165d2083,B
0516ba9eed8ff583,"B) A green pickup truck attempts to change lanes from lane 5 to lane 4, colliding with a white sedan driving straight in lane 4."
717d15e88e20cd74,"The root cause of the incident is a red truck making an unsafe left turn into oncoming traffic. The truck enters the roadway from a side street without yielding, colliding with a white sedan traveling straight. This maneuver is anomalous and disrupts the otherwise steady, orderly flow of traffic."
b089f95884338a34,"This video is captured from an elevated traffic camera during daylight hours, showing a multi-lane divided highway with moderate traffic flow. The road features multiple lanes in each direction separated by a grassy median with orange traffic cones. Lane markings consist of dashed white lines for traffic flow, and the road surface appears dry. No traffic signals or signboards are visible. Surroundings include urban buildings in the distance, lush green trees lining the roadside, and streetlights. A large billboard with the text “meeting you in...” is visible. Vehicles include a green pickup truck, a black SUV, and a red sedan."
fd7c9821a12174c0,"A red sedan enters the frame from the right, merging into traffic. This movement represents a standard flow of traffic in a light-volume corridor."
61c3b53799eeab16,"{""start"": ""00:04"", ""end"": ""00:06""}"
016b970ab1a773f3,"The video shows a multi-lane urban roadway with moderate traffic flow and construction cones indicating lane adjustments. At 00:03, a red sedan enters the frame from the right, pulling into a parking area adjacent to the road. At 00:05, a green pickup truck begins to turn left from the right lane, crossing into the path of an oncoming white sedan. The white sedan brakes sharply to avoid collision, swerving slightly to the right. The root cause of the incident is the green pickup truck’s sudden left turn without yielding to the oncoming white sedan. All vehicles maintain their lanes and steady speeds without any collisions or anomalies."
ebc0e6c7b5375fd1,No
78709b0987fa7788,No
6b9cecef3911ccda,No. The white truck is involved in a collision but does not initiate a multi-vehicle pile-up; the accident primarily involves the white SUV and the black SUV directly ahead of it.
98103343ba7663cd,No. The red bus is not involved in the collision; it is seen driving away from the scene after the accident.
1dcc7fec5b524247,"At 00:02.29, a yellow school bus and a red car are visible moving toward the camera on the right side of the highway, while by 00:07.96, the white truck and white SUV have collided, with debris scattered across the lanes. The relationship is one of direct cause and effect: the white truck’s sudden lane change and collision with the white SUV at 00:02.29 directly resulted in the visible crash and debris at 00:07.96. The impact caused the vehicles to stop abruptly, scattering parts and disrupting the flow of traffic on the highway."
1e312b9cedf61a4f,A
a96e725982db07f7,"B) The white SUV becomes stalled and faces the median, blocking the lane."
eaf0108729c7ee8c,"The multi-vehicle pile-up in lane 3 begins when a white SUV veers left, colliding with a white truck. The impact sends debris flying and causes the SUV to spin, triggering a chain reaction as other vehicles in the lane swerve or brake abruptly. The sequence is anomalous and chaotic, disrupting the otherwise steady traffic flow."
11d8d718d883a3ec,"This video is captured from an elevated traffic camera during daylight hours, showing a multi-lane divided highway under clear, sunny skies. The road features multiple lanes in each direction separated by a concrete median; dashed white lines mark lane divisions, and the asphalt surface appears dry. Traffic flows in both directions, with vehicles moving toward and away from the camera. No traffic signals or signboards are visible. Surroundings include distant green hills, industrial port cranes, and buildings along the waterfront. On-screen text reads “MLK JR WAY S & S HENDERSON ST.” Visible vehicles include a white sedan, a black SUV, a white truck, and a red bus."
bf3be3b05d9bda3b,"A white SUV swerves left, colliding with a black sedan and a white truck. The impact causes the white SUV to spin and come to rest against the guardrail, disrupting the flow of traffic."
819a39a915ad87c8,"{""start"": ""00:05"", ""end"": ""00:08""}"
67cf54b63bd2df9a,"The video shows a multi-lane highway with moderate traffic flow under clear skies, transitioning to a nighttime urban intersection with visible streetlights and tram tracks. At 00:05, a white sedan traveling in the right lane collides with a white box truck in the adjacent lane, causing the sedan to spin and come to rest off the roadway. Debris scatters across the lanes, and the truck continues forward, partially obscuring the sedan. A red sedan and a red bus pass by the scene without incident. The root cause of the incident is the white sedan’s failure to maintain a safe distance from the box truck, leading to a rear-end collision."
748c323ceb51f7ae,No
ab4c540d7aada17e,Yes
2285be8f4987d120,No. There is no collision between two black SUVs in the video. The black SUVs are seen moving separately without any interaction or contact.
501f43432d8a84ce,"No. The collision occurs in a lane carrying traffic from bottom to top, as indicated by the direction of the vehicles involved and the traffic light signals."
c18c207f74f6659c,"At 00:06.75, a black SUV is turning right from the intersection, while by 00:08.97, the same black SUV has completed its turn and is now moving away from the intersection. The relationship is one of sequential and operational, as the SUV’s maneuver from 00:06.75 to 00:08.97 represents the completion of a standard right-turning traffic maneuver. The consequence is that the SUV successfully clears the intersection and continues along its designated path, indicating normal traffic flow without disruption."
a534629d53bf7771,D
37b4c8d0b1e48e88,B) The black SUV that was changing lanes from Lane 5 to Lane 6.
8f800fe4f7704b6d,"The root cause of the incident is the white sedan failing to yield the right-of-way at the intersection. The sedan enters the intersection while the traffic light is red, colliding with a black SUV that has the right-of-way. This behavior is anomalous and disrupts the orderly flow of traffic."
5b3e969040d42171,"This video is captured from an elevated traffic camera during daytime, showing a multi-lane divided street at a four-way intersection. The road has multiple lanes in each direction separated by a painted median, with dashed white lane markings and green-painted crosswalks. Traffic flows toward the camera on the left and away from the camera on the right. Traffic signals are visible at the intersection, with red lights for north-south traffic and green for east-west. Buildings and trees line both sides of the street, and a digital sign displaying “St Av S and Royal B North” is visible in the upper left corner. Several vehicles, including a white sedan and a black SUV, are present on the road."
7269613de9f583b9,"A white sedan accelerates forward through the intersection, moving toward the bottom of the frame. This movement represents a standard flow of traffic in a light-volume corridor."
a39bdbb00684115f,"{""start"": ""00:00"", ""end"": ""00:01""}"
ed74c3ccf38cfe5b,"The video shows a typical urban intersection with moderate traffic flow and pedestrians crossing at designated crosswalks. At 00:00, a white sedan is seen turning left from the crosswalk while a black SUV approaches from the right. The white sedan completes its turn by 00:05, and a gray sedan follows behind it. A black pickup truck passes through the intersection from right to left between 00:06 and 00:08. All vehicles maintain their lanes and steady speeds without any collisions or anomalies. The root cause of the incident is none, as no incident occurred."
d5e4c735e12626dd,No
10359cb859c34da9,No
22ce5f79cc9ecc47,No. The white SUV and gray SUV do not collide; they pass each other without incident.
b54c09b436f5977a,"No. The gray SUV is visible approaching the intersection with the traffic light showing green, indicating it is legally proceeding through the intersection."
ba05db870ec7462f,"At 00:02.52, a white SUV is seen turning left into the intersection, while by 00:04.19, the same white SUV has completed its turn and is now proceeding straight through the intersection. The relationship is sequential and operational, as the SUV’s maneuver from 00:02.52 to 00:04.19 represents the natural progression of a left-turning vehicle completing its path and resuming forward motion. The consequence is that the SUV transitions from an intersection maneuver to uninterrupted travel through the intersection, maintaining normal traffic flow."
3a5a8f4206b2f59e,B
6ddd6713db1b0e15,C) A T-bone collision where a white SUV entering from a side street struck the side of a gray SUV in Lane 2.
161cf5bfa71115ba,"The root cause of the incident is a white SUV turning left into the path of an oncoming black sedan. The SUV enters the intersection without yielding, creating a direct collision. This behavior is anomalous and disrupts the otherwise orderly traffic flow."
6ee6eeda08d38316,"This video is captured from an elevated traffic camera during daytime, showing a multi-lane divided highway at a four-way intersection. The road has multiple lanes in each direction separated by a grassy median with orange traffic cones. Traffic flows toward the camera on the left and away from the camera on the right, with dashed white lane markings and dry pavement. Traffic signals are visible at the intersection, and painted arrows indicate turning lanes. Surroundings include trees, buildings, and streetlights, with on-screen text reading “South E. Marginal Way & 16th Ave S.” Several vehicles, including a white SUV and a dark sedan, are visible on the road."
5aa19a0f53b04f6d,"A white SUV accelerates forward and merges into the right lane, moving toward the camera. This movement represents a standard flow of traffic in a light-volume corridor."
3e87d1b57ef9a8e7,"{""start"": ""00:02"", ""end"": ""00:04""}"
907c73a3c06b59c2,"The video shows a busy intersection at E. Marginal Way & 16th Ave S with moderate traffic flow and clear traffic signals. At 00:00, a dark sedan approaches the intersection from the left, followed by a white SUV and a black sedan. At 00:02, a white sedan enters the frame from the right, crossing the intersection. At 00:03, a cyclist in a green shirt is visible near the bottom of the frame, moving toward the camera. All vehicles maintain their lanes and steady speeds without any collisions or anomalies. The root cause of the incident is none, as no incident occurred."
d8dbd3dcab3f84bf,No
2b492d36aa124740,No
ab704b120a2ac606,No. The vehicle involved in the collision does not flip over; it appears to skid or slide after impact.
0f69a64fb8c394db,No. The white car remains stationary at the intersection and does not make contact with the black SUV that collides with the barrier.
4f40ca7083193fee,"At 00:10.00, a dark-colored vehicle enters the intersection from the top left, while by 00:14.00, the same vehicle has collided with another vehicle, resulting in visible sparks and debris. The relationship is one of direct cause and effect: the vehicle’s entry into the intersection at 00:10.00 initiated a collision that culminated in the crash and debris at 00:14.00, indicating a sudden, violent interaction between the two vehicles. The first moment’s action directly led to the second moment’s visible damage and disruption of traffic flow."
e137d4c617839970,D
d2ac8367a64ba060,"C) The crossing black car spins, flips onto its roof, and slides out of the frame while sparking."
da86cb81b364dbe3,"The collision is caused by the dark-colored sedan running the red light at the intersection of MLK Jr Way S & S Henderson St. The sedan entered the intersection while the traffic signal was red, violating right-of-way rules, and collided with another vehicle. This behavior is anomalous and dangerous, disrupting the otherwise orderly traffic flow."
574dea000b7f9ec5,"This video is captured from an elevated traffic camera at night, showing a four-way intersection with visible tram tracks embedded in the asphalt. The road has multiple lanes in each direction, separated by painted lane markings and a central island with traffic signals. Traffic flows toward and away from the camera, with dashed white lines marking the lanes and no visible medians. Traffic signals and crosswalks are present at the intersection, along with a bus stop shelter on the left side. Surroundings include streetlights, trees, and buildings in the background, with on-screen text reading “SOUTH MLK JR WAY S & S HENDERSON ST.” A white sedan is visible on the left, and a dark-colored sedan enters from the top left before colliding with a barrier."
c67c3675268f0ed7,"A dark-colored sedan enters the intersection from the left, moving toward the camera. The vehicle collides with an unseen object, causing sparks and debris to scatter across the road surface."
2556c195d1f7551c,"{""start"": ""00:11"", ""end"": ""00:14""}"
7f7ba58921314f80,"The video shows a quiet nighttime intersection at MLK Jr Way S & S Henderson St, with minimal traffic and visible streetcar tracks. At 00:11, a dark sedan enters the frame from the top left, accelerating toward the center of the intersection. At 00:13, the sedan collides with a stationary white sedan positioned near the crosswalk, causing the dark sedan to spin and skid across the road. Debris scatters across the pavement, and the dark sedan comes to rest facing the camera. The root cause of the incident is the dark sedan’s failure to yield to the stationary white sedan at the intersection."
d3f503508762694f,No
e54bbee3795454b2,No
115188ab79d3b076,No. The red car and the black SUV do not make contact; they pass through the intersection at different times and positions.
2bd066ea6798f7a9,"No. The collision occurs in the intersection, not on the left side of the road where traffic is queued."
1f2efaa8945db1e3,"At 00:10.00, a black sedan crosses the intersection from left to right, while by 00:16.00, a red sedan and a white sedan are navigating the same intersection, with a black pickup truck entering from the bottom. The relationship is sequential and operational, as vehicles continue to traverse the intersection in a normal traffic flow, with each vehicle proceeding after the previous one clears the crosswalk. The consequence is that traffic remains steady and orderly, with no disruption or incident observed between the two moments."
0695bc524c35b853,B
1c171a05903fb90f,C) The black SUV failed to yield the right-of-way while traveling from right to left.
15d7c51d293c4b5e,"The red truck collides with the black SUV at the intersection, causing both vehicles to spin and skid across the crosswalk. The impact sends the black SUV sideways, while the red truck veers sharply right before stopping. The collision is abrupt and chaotic, disrupting the otherwise steady traffic flow."
708ffbff7338a980,"This video is captured from an elevated traffic camera at a four-way intersection during daylight hours under clear, dry weather. The intersection features multiple lanes in each direction, separated by painted white lane markings and crosswalks; traffic flows toward and away from the camera. Traffic signals hang overhead, and pedestrian crosswalks are clearly marked with white stripes. Surrounding the intersection are multi-story buildings, some with visible brickwork, and a few trees along the sidewalks. On-screen text identifies the location as “Aurora Ave N & N 105th St West.” Several vehicles, including a red pickup truck and a black sedan, are visible navigating the intersection."
95487e5431afa9f6,A red sedan crosses the intersection from left to right. This movement represents a standard flow of traffic in a light-volume corridor.
000f5778d2fd0ef8,"{""start"": ""00:02"", ""end"": ""00:05""}"
d3fe707a5ec94dd5,"The video shows a busy urban intersection at Aurora Ave N & N 105th St West with moderate traffic flow and standard pedestrian activity. At 00:03, a red pickup truck crosses the intersection from left to right, followed by a black sedan that enters from the bottom of the frame. At 00:05, the black sedan appears to make contact with the rear of the red pickup truck, causing the pickup to veer slightly right before continuing. The black sedan continues forward without stopping, and no pedestrians are struck or involved. The root cause of the incident is the black sedan’s failure to maintain a safe distance from the red pickup truck, leading to a rear-end collision."
c09634949bceb889,No
054868333d8d444e,No
747247f46e147a8a,"No. The video does not show a red light, and there is no clear evidence of a collision involving a speeding SUV."
9d7f9b3a412ca984,No. The truck does not make contact with the pedestrian; it continues moving forward without any visible interaction.
9ec5b67b0fc8b2e0,"At 00:04.00, a dark-colored SUV is seen turning right across the intersection, while by 00:07.00, a white sedan is now navigating the same intersection, having completed its turn and moving toward the bottom of the frame. The relationship is sequential and operational, as the SUV’s maneuver clears the path for the sedan to enter the intersection and proceed with its own trajectory. The sedan’s movement directly follows the SUV’s exit, indicating a normal progression of traffic flow without disruption."
19c2da8a3deebbac,D
f4a338f62ef316d3,D) Speeding and failed to stop and yield to stationary vehicle at the intersection.
1759d25a2adc41d5,"The direct consequence of the collision of the two SUVs was a chain reaction involving multiple vehicles. The impact caused a domino effect, disrupting the orderly flow and forcing other cars to brake or swerve, resulting in a congested and anomalous traffic situation."
0ad8a03e0a860682,"This video is captured from an elevated traffic camera during daytime under clear, sunny conditions, overlooking a multi-lane four-way intersection. The road is divided into multiple lanes by painted white dashed lines and a central painted line, with traffic flowing in both directions relative to the frame. The surface is dry, and while no traffic signals or signboards are visible, clearly marked crosswalks with white stripes are present at the intersection. Surroundings include utility poles and overhead wires casting long shadows, with no visible buildings or trees. On-screen text in the top-left corner reads “Aurora 3 145 E/A West.” Several vehicles are visible, including a white sedan, a black SUV, and a red sedan."
787cac4cbb28da07,"A black pickup truck enters the frame from the bottom, moving toward the camera. This movement represents a standard flow of traffic in a light-volume corridor."
a8b7065f387566bd,"{""start"": ""00:05"", ""end"": ""00:07""}"
e7fd6240089c8d0e,"The video shows a busy urban intersection with multiple lanes of traffic moving in various directions under bright daylight. At 00:02, a red sedan enters the intersection from the right, crossing paths with a white sedan approaching from the left. The red sedan veers sharply left, colliding with the white sedan at 00:03, causing both vehicles to skid and come to a stop in the middle of the intersection. A black pickup truck follows closely behind the red sedan, narrowly avoiding a collision as it swerves to the right at 00:05. The root cause of the incident is the red sedan’s sudden and uncontrolled left turn into the path of the white sedan."
412ac0c569b51ed6,No
00d3cf9ba72b25e7,No
8c9f22d17eaef4d4,"No. The white SUV is seen moving forward through the intersection without stopping at a red light, but the traffic light appears green when it enters the intersection, indicating it did not run a red light."
c8b16693b641c99d,No. The red sedan is not involved in any collision; it is seen driving normally in traffic without any impact or interaction with other vehicles.
8a4fc02c4b83d7f6,"At 00:06.00, a white sedan is visible in the rightmost lane, moving forward as part of a steady stream of traffic, while by 00:09.06, the same white sedan has continued its forward motion, now positioned further down the road, maintaining its lane. The relationship is one of continuity and stability, as the sedan’s movement is consistent with the overall flow of traffic without interruption or change in direction. The consequence is that the sedan remains within the designated right-turn-only lane, progressing steadily toward the camera’s perspective without deviation or incident."
71a0c004af758aaa,D
3f1713aee6662e58,"A) Both vehicles are brought to an abrupt halt, blocking the flow of traffic in the intersection."
2b36278753597c92,"The red truck is at fault for the collision, having violated a lane restriction by crossing into a lane marked ""ONLY"" for turning vehicles. This maneuver caused it to collide with a white sedan traveling straight. The behavior is anomalous and disrupts the otherwise orderly traffic flow."
6ac6a91a557b2afa,"This video is captured from an elevated traffic camera at night, showing a multi-lane urban street with wet pavement. The road is divided into at least three lanes in each direction by painted lane markings and a red-and-white striped median; the rightmost lane is marked “ONLY” with a right-turn arrow. Traffic flows toward the camera in the left lanes and away from the camera in the right lanes. No traffic signals or signboards are visible. Surroundings include brick buildings, streetlights, and trees lining the sidewalks. On-screen text reads “5TH AVE & SPRING ST.” A white sedan, a black sedan, and a red sedan are visible among other vehicles."
eab74c02dfb44687,"A black SUV moves forward in the rightmost lane, maintaining its position as it progresses toward the camera. This movement represents a standard flow of traffic in a light-volume corridor, with no anomalies or disruptions observed."
1a1c35172cd93f78,"{""start"": ""00:00"", ""end"": ""00:01""}"
b1b947938f7e8e59,"The video shows a steady flow of traffic moving south on 5th Ave & Spring St under artificial lighting, with vehicles maintaining orderly progression. At 00:01, a white sedan enters the frame from the distance, followed by a black sedan at 00:02. By 00:04, a red sedan appears behind the black sedan, and by 00:06, a silver sedan joins the line. All vehicles maintain their lanes and steady speeds without any collisions or anomalies. The root cause of the incident is none, as no anomalies occurred."
ff52afe2058febbe,Yes
48277017719a81c8,Yes
a5d89f5a59722129,No. There is no visible T-bone collision; vehicles are moving through the intersection without apparent impact.
371d3f4d48daf1d1,Yes. The white SUV enters the frame from the left side and proceeds toward the center of the intersection.
04cd01e3605afa93,"At 00:02.89, a white SUV is turning left across the intersection, while by 00:04.32, the same white SUV has completed its turn and is now moving away from the intersection. The relationship is one of sequential and operational, as the SUV’s maneuver from 00:02.89 directly leads to its departure from the intersection by 00:04.32, indicating a completed traffic maneuver. The consequence is that the SUV has successfully cleared the intersection, allowing other vehicles to proceed through the intersection without obstruction."
2d16bebb68d5833b,A
5c6bad0f945e4806,B) A secondary collision occurs between the white SUV and a trailing dark sedan.
e2378dc6aaedd39c,"The white SUV is at fault for the collision, having failed to yield the right-of-way. It entered the intersection from the left while a blue sedan was already in the crosswalk, violating traffic rules. The traffic flow is orderly until this anomalous event disrupts it."
1db422260736ce27,"This video is captured from an elevated traffic camera during daylight hours, showing a four-way intersection at West 6th Ave & Spring St. The road is multi-lane, with a painted red bus lane and white crosswalks visible. Traffic flows in both directions: vehicles approach from the top and bottom of the frame, while others move left to right. Lane markings include painted arrows and dashed white lines, and the road surface appears dry. Traffic signals and crosswalks are present, with a stop sign visible on the left. Surroundings include brick buildings, trees, and streetlights. On-screen text identifies the location. A white SUV and a dark sedan are visible."
4249b2cb86291dbb,A white SUV completes its turn from the left lane into the intersection. This movement represents a standard flow of traffic in a light-volume corridor.
f0b248f5d97772f2,"{""start"": ""00:01"", ""end"": ""00:03""}"
6c468c09b4698953,"The video shows a typical urban intersection at West 6th Ave & Spring St with moderate traffic flow and clear road markings. At 00:01, a white SUV enters the frame from the top left, turning right into the intersection. By 00:03, it completes the turn and exits toward the bottom of the frame. A dark blue sedan follows closely behind, entering the intersection at 00:04 and proceeding straight through. All vehicles maintain their lanes and steady speeds without any collisions or anomalies. The root cause of the incident is none, as no incident occurred."
ed9734d91db2eae4,Yes
bf751f001950da82,Yes
50be436b2a7ba2b5,No. There is no visible T-bone collision occurring at the intersection in the provided frames.
e84818472b14f5f9,Yes. The white hatchback successfully clears the intersection without any visible collision or obstruction.
c44767caedaba086,"At 00:05.40, a black sedan is visible moving toward the bottom of the frame, while by 00:06.63, the same sedan has continued its trajectory and is now closer to the camera. The relationship is one of continuity and stability, as the sedan maintains its lane and speed without interruption or deviation, indicating normal traffic flow. The sedan’s consistent forward motion confirms the steady progression of traffic, with no change in behavior or external influence between the two moments."
2cb2b0cd30c7d9cc,D
a2f7d341855ddabd,A) A T-bone collision between a white hatchback moving bottom to top and a black SUV moving left to right.
bef6442de9b1f38a,"The direct consequence of the collision between the white hatchback and the black SUV is that both vehicles come to an abrupt stop in the middle of the roadway. This creates a sudden obstruction, disrupting the otherwise steady flow of traffic and causing a minor traffic jam behind them."
f84adb6881b544aa,"This video is captured from an elevated traffic camera during daytime under clear, sunny weather, overlooking a multi-lane divided highway. The road features multiple lanes in each direction separated by a grassy median, with dashed white lane markings and dry asphalt. Traffic flows toward the camera on the right side and away from the camera on the left. No traffic signals or signboards are visible. Surroundings include a large building with green trim and a mural on the right, trees lining the left side, and streetlights. On-screen text reads “E MARGINAL AND MICHIGAN EAST.” Several vehicles, including a black SUV and a white sedan, are visible."
0dfea28cb0d18135,"A black SUV moves toward the camera, maintaining a steady lane position. This movement represents a standard flow of traffic in a light-volume corridor."
8c85cbcf0ba76b65,"{""start"": ""00:00"", ""end"": ""00:01""}"
7f671e319c6dcc2f,"The video shows a steady flow of traffic on E Marginal and Michigan East under clear skies, with multiple lanes of vehicles moving smoothly toward the camera. At 00:03, a black sedan in the rightmost lane begins to drift slightly toward the center divider before correcting its course. At 00:05, a dark-colored SUV in the middle lane briefly slows and swerves left, then resumes normal speed. No collisions, pedestrian strikes, or stalled vehicles occur. All vehicles maintain their lanes and steady speeds without any collisions or anomalies. The root cause of the incident is not applicable as no incident occurred."
f45562617b0b375f,No
0ff5dbbfb67eb169,No
e2dccbfc4e4fc67d,No. There is no white sedan visible in the video that runs a red light.
84d34827ba6b45e6,"No. The white bus is not visible in the frame, and no collision is occurring."
d27596a92d3bca6c,"At 00:03.00, a black sedan is visible traveling toward the bottom of the frame, while by 00:05.00, the same black sedan continues moving forward in the same lane, maintaining its trajectory. The relationship is one of continuity and stability, as the sedan’s motion is unimpeded and consistent with normal traffic flow, with no visible changes in speed or direction between the two moments. The sedan’s steady progress indicates no incident or disruption occurred, and its position relative to the road and surrounding vehicles remains unchanged."
c60c03c44705a3d9,D
2323973d392168f0,"C) The involved vehicles come to a stop in the middle of the road, obstructing traffic and forcing other drivers to slow down."
7b0a57ed73647b82,"The root cause of the incident is a sudden stop or swerve by a vehicle in the right lane, triggering a chain reaction. The collision appears anomalous, as vehicles in adjacent lanes failed to adjust in time, resulting in a multi-vehicle pileup. The traffic flow was otherwise steady before the disruption."
79f280de116c64cb,"This video is captured from an elevated traffic camera during daylight hours, showing a multi-lane divided highway with a wet road surface. The road has multiple lanes in each direction separated by a grassy median; dashed white lines mark the lanes, and painted arrows indicate forward traffic flow toward the camera. No traffic signals or signboards are visible. Surroundings include a distinctive green-roofed building on the left, trees along the right shoulder, and distant hills. On-screen text reads “Ave S & S Michigan.” A black sedan and a white car with green accents are visible in the foreground."
f7e5afeee60aa9ce,"A black sedan moves steadily toward the bottom of the frame, maintaining a consistent lane position. This movement represents a standard flow of traffic in a light-volume corridor, with no visible anomalies or disruptions occurring during this interval."
66683effc0c1e154,"{""start"": ""00:00"", ""end"": ""00:01""}"
72a19b5fa03ce54a,"The video shows a multi-lane highway with moderate traffic flow under clear daylight conditions. At 00:00, a black sedan travels in the leftmost lane toward the camera, while a white sedan is partially visible in the bottom-left corner. Several other vehicles, including a red car and a white van, are seen in the distance approaching an intersection ahead. All vehicles maintain their lanes and steady speeds without any collisions or anomalies. The root cause of the incident is none, as no incident occurred."
0016135a7cf4b192,No
2ea24bc84604dc92,No
b75ac3fd181f104f,No. The gray SUV makes a left turn without colliding with any other vehicle in the visible frame.
6efa5b79dac279f1,No. The white van and black sedan do not collide; they maintain safe distances and continue moving forward without any contact.
dd48e9b157a48035,"At 00:05.66, a white van is visible in the center lane moving toward the camera, while by 00:09.00, the same van has continued forward and is now positioned further down the road, closer to the bottom of the frame. The relationship is one of continuity and stability, as the van maintains its lane and speed without interruption, consistent with normal traffic flow. The consequence is that the van’s position has advanced along the roadway, indicating steady progression through the intersection without any change in trajectory or speed."
8b7588c06e24e2af,C
93ba3edba4f7ef45,D) The gray SUV failed to yield the right-of-way to oncoming traffic while making a left turn.
b56b95de752a994f,"The direct consequences of the collision are visible vehicle damage and immediate disruption to traffic flow. The involved vehicles come to a stop, causing a ripple effect as surrounding cars slow or stop to avoid the scene, resulting in a localized traffic jam. The incident introduces an anomalous, chaotic element into the otherwise steady traffic flow."
c9f2370b38a6d8d3,"This video is captured from an elevated traffic camera during daytime under clear, sunny weather, overlooking a multi-lane divided road with moderate traffic flow. The road features three lanes in each direction separated by a painted yellow centerline and dashed white lane markings; vehicles move toward the camera on the right and away from the camera on the left. No traffic signals or signboards are visible. Surroundings include commercial buildings with red awnings on the left, trees lining the far side, and utility poles with overhead wires. On-screen text in the top-left corner reads “Aurora & 146 N/S South.” Visible vehicles include a red SUV, a white van, and several sedans and SUVs of various colors."
a88eed87b854eaf1,"A black SUV moves toward the camera in the left lane, maintaining a steady speed. This movement represents a standard flow of traffic in a light-volume corridor."
1cb626f0836e40f7,"{""start"": ""00:05"", ""end"": ""00:07""}"
cd112e37b2e4a41b,"The video shows a multi-lane urban street with moderate traffic flow under clear skies, featuring commercial buildings and utility poles along the sides. At 00:02, a white sedan in the middle lane begins to drift left, narrowly avoiding a collision with a silver SUV in the adjacent lane. By 00:04, the white sedan has regained control and continues forward, while the silver SUV adjusts its position to avoid further contact. No pedestrians or other anomalies are observed. All vehicles maintain their lanes and steady speeds without any collisions or anomalies. The root cause of the incident is the white sedan’s sudden lane drift, likely due to driver error or distraction."
5d665dd296268eea,Yes
798ccf2804ab55cc,Yes
c716cbd34c29fdfd,"Yes. The white sedan enters the intersection while the traffic light is red, indicating it ran the red light."
bbbe2d5fdcd44545,"No. The gray SUV moves forward after the collision, indicating it is not stationary."
d32b2b63c2ef5362,"At 00:01.74, a dark sedan is seen turning left into the intersection while by 00:02.77, a white sedan has entered the frame from the bottom left, moving toward the center. The relationship is sequential and operational, as the dark sedan’s turn initiates a change in the intersection’s traffic flow, allowing the white sedan to enter the scene as part of the ongoing traffic pattern. The consequence is that the white sedan’s entry follows the dark sedan’s maneuver, maintaining the normal progression of vehicles through the intersection."
3e37cc5760e1e5b8,B
c7235346613947af,A) The white sedan entered the intersection while the governing traffic lights were red.
27fbed5a3516b6c9,"The dark gray SUV, after colliding with the black sedan, veers sharply to the right, skidding across the intersection. Its front end is visibly damaged, and it comes to a stop at an angle, partially blocking the crosswalk. The movement is abrupt and chaotic, indicating a high-impact collision."
8e3d52cbb5022608,"This video is captured from an elevated traffic camera at dusk, overlooking a four-way intersection at 3rd Ave and Jackson St NS. The road is multi-lane, with a painted red and green median separating opposing traffic flows; vehicles move toward and away from the camera. Lane markings include dashed white lines and painted arrows, and the asphalt appears wet from recent rain. Traffic signals are visible at all corners, with crosswalks marked on the pavement. Surrounding buildings line both sides of the street, interspersed with trees and streetlights. On-screen text identifies the location. A dark gray SUV and a white sedan are visible in the frame."
929fa7f049e905c4,"A white sedan enters the intersection from the bottom of the frame, moving toward the camera. This movement represents a standard flow of traffic in a light-volume corridor."
95b20e364db9d7b6,"{""start"": ""00:03"", ""end"": ""00:05""}"
e859af7800dfb07e,"The video shows a busy urban intersection at dusk with multiple vehicles navigating under red traffic lights. At 00:00, a dark gray SUV approaches the intersection from the bottom of the frame, moving toward the camera. At 00:02, a white sedan enters the frame from the left, crossing paths with the SUV. At 00:04, the SUV veers left, colliding with the white sedan, causing both vehicles to skid and come to a stop. The root cause of the incident is the SUV’s failure to yield to the white sedan entering the intersection."
9b90c329dccf8f1a,No
6fbbab2a94796082,Yes
7f784cb5be322cb7,No. The black SUV is seen making a left turn without colliding with any other vehicle in the frame.
7a363aa00ac0d451,No. The collision does not occur in the center changing lane; it happens at an intersection where vehicles are turning or proceeding straight.
d528d307f23fc278,"At 00:01.10, a white pickup truck enters the frame from the bottom right, turning left onto Rainier Ave S, while by 00:04.04, the same white pickup truck has completed its turn and is now driving straight down the road, moving away from the intersection. The relationship is one of sequential and operational, as the truck’s maneuver from entering the intersection to completing the turn and continuing forward represents a normal progression of traffic flow. The consequence is that the vehicle successfully navigated the intersection and resumed its journey along Rainier Ave S without incident."
7d3c4efa28146b1d,A
1a2ab148dd90ec4c,"A) The black SUV, because it failed to yield the right-of-way to oncoming traffic while making a left turn."
4365205905c24ba0,"The direct consequence of the T-bone collision between the gray sedan and the black SUV is that the gray sedan is visibly pushed sideways into the intersection, partially blocking traffic flow. The collision disrupts the orderly movement of vehicles, creating an anomalous and hazardous situation at the intersection."
b8e457573c0677c5,"This video is captured from an elevated traffic camera during daylight hours, showing a four-way intersection at Rainier Ave S & 51st Ave S. The road has multiple lanes in each direction, separated by a painted yellow centerline and dashed white lane markings; traffic flows toward the camera on the right and away from the camera on the left. The road surface appears dry. No traffic signals or signboards are visible. Surroundings include residential buildings, trees, and utility poles. On-screen text reads “RAINIER AVE S & 51ST AVE S Event.” A white pickup truck and a silver sedan are visible navigating the intersection."
5f22415d98e2cec2,"A white pickup truck continues moving forward along Rainier Ave S, gradually slowing as it approaches the intersection. This movement represents a standard flow of traffic in a light-volume corridor, with no visible anomalies or disruptions occurring during this interval."
c87d1e32f1895fa3,"{""start"": ""00:00"", ""end"": ""00:01""}"
d34fb75ccb193023,"The video shows a typical urban intersection at Rainier Ave S & 51st Ave S with moderate traffic flow and no immediate signs of distress. At 00:01, a white pickup truck enters the frame from the bottom right, turning left into the intersection. It proceeds to make the turn without incident, followed by a silver sedan that also turns left at 00:02. A black sedan is seen approaching from the top of the frame, moving toward the camera, while other vehicles maintain their lanes. All vehicles maintain their lanes and steady speeds without any collisions or anomalies. The root cause of the incident is none, as no incident occurred."
e6d1e91074366609,No
3472c83edad48c78,No
276739440b16f112,No. The black SUV and white sedan do not make contact; they pass each other without collision.
f26676df3d9782e5,"No. The vehicles remain stationary at the intersection after the collision, with no indication they drive away immediately."
562c04932ba43ea6,"At 00:04.31, a white sedan enters the frame from the right, merging into traffic, while by 00:05.60, the same white sedan has fully entered the intersection and is proceeding straight ahead. The relationship is one of sequential and operational, as the sedan’s entry into the intersection at 00:04.31 is the maneuver that directly precedes its continued movement through the intersection at 00:05.60. The consequence is the sedan’s successful integration into the flow of traffic, maintaining its trajectory without disruption."
94d29a8ed042606f,A
e5a81de3736b7fa9,"D) The black SUV, because it failed to yield the right-of-way while making a left turn."
744e4effe8784590,"The root cause of the incident is a black SUV turning right into the path of a white sedan traveling straight through the intersection. The SUV’s turn was not fully completed before the sedan entered the intersection, leading to a collision. This behavior is anomalous and disrupts the otherwise orderly traffic flow."
25981e5647c01334,"This video is captured from a fixed traffic camera at night, overlooking a multi-lane divided highway at a four-way intersection. The road has two lanes in each direction separated by a painted yellow center line, with dashed white lines marking lane divisions. Traffic flows toward the camera on the left and away from the camera on the right. The road surface appears dry. Traffic signals are visible at the intersection, with green lights for the direction of traffic moving away from the camera. Buildings and streetlights line both sides of the road, and a text overlay in the top-left corner reads “Meridian Ave & Northgate.” Several vehicles, including a black SUV and a white sedan, are visible navigating the intersection."
ff28ee3c2a0fd4e5,"A black SUV accelerates forward, crossing the intersection while its brake lights illuminate. This movement represents a standard flow of traffic in a light-volume corridor."
b1225c9f3ec0db2f,"{""start"": ""00:02"", ""end"": ""00:04""}"
2b563b7f43b5ecaf,"The video shows a nighttime urban intersection at Meridian Ave & Northgate with moderate traffic flow under streetlights and traffic signals. At 00:00, multiple vehicles, including a black sedan and a white sedan, approach the intersection from different directions. At 00:03, a white sedan crosses the intersection from the right, while a black SUV enters from the bottom, both moving toward the camera. At 00:05, the black SUV appears to make contact with the white sedan, causing the white sedan to veer sharply to the right and come to a stop. The black SUV continues forward briefly before also stopping. The root cause of the incident is the black SUV entering the intersection without yielding to the white sedan."
5399a2dcb73e46b8,No
c3e28147dae9510e,Yes
3fea1415f66b53cd,No. The collision involves only two vehicles: a red car and a dark-colored SUV.
a6cae3cdb5c51675,No. The black SUV is stationary at the intersection when struck by the red car.
c3e0755cba8fc328,"At 00:01.66, a red car enters the intersection from the right, while by 00:03.59, the red car has collided with a black SUV that was turning left into its path. The relationship is one of direct cause and effect: the red car’s entry into the intersection at an inopportune moment and its failure to yield to the turning black SUV directly caused the collision. The consequence is the visible impact between the two vehicles, with the red car appearing to be pushed or struck by the black SUV, resulting in a clear traffic incident."
ce759b1f1ec80572,A
af6b0b0141de5346,A) The blue SUV entered the intersection against a red light.
08f1d8c7250c77ad,"The red truck enters the intersection from the right, failing to yield to a white sedan already in the crosswalk. This collision causes the white sedan to spin, which then strikes a third vehicle—a black SUV—parked on the side. The sequence is anomalous and chaotic, disrupting the otherwise orderly night traffic flow."
6b3ac915cab4bbc6,"This video is captured from an elevated traffic camera at night, showing a four-way intersection with multiple lanes in each direction. The road is divided by a painted centerline, with dashed white lines marking lanes and a crosswalk at the intersection; the surface appears dry. Traffic flows in both directions, with vehicles moving toward and away from the camera. Traffic signals are visible at the intersection, including a green light for the direction of travel. Surroundings include buildings on both sides, streetlights, and a sign for “Auto Sales” on the left. A red convertible and a black SUV are visible among other vehicles."
8c71db9a5aa421b5,"A red convertible enters the intersection from the right, moving toward the camera. This movement represents a standard flow of traffic in a light-volume corridor."
662cc71dfdb0309c,"{""start"": ""00:02"", ""end"": ""00:05""}"
6d2e9e8cac245178,"The video shows a nighttime urban intersection with moderate traffic flow and illuminated streetlights. At 00:00, a white sedan and a black SUV approach the intersection from opposite directions. At 00:02, a red convertible enters the frame from the right, crossing the intersection diagonally and colliding with the black SUV. The impact causes the red convertible to spin and come to a stop, while the black SUV remains partially stationary. The white sedan continues forward without incident. The root cause of the incident is the red convertible’s failure to yield right-of-way and its abrupt entry into the intersection."
604a7a624b99cbf3,No
793030c5df818c40,No
dab253e0abc5f911,"No. There is no red sedan or green SUV visible in the video, and no collision occurs."
a2e4b2c75a582d8b,"No. The green SUV stops at the intersection after the collision, as it is stationary in the frame."
12c53ea519825489,"At 00:02.77, a red vehicle is visible approaching the intersection, while by 00:05.69, a black sedan has come to a stop at the crosswalk. The relationship is one of sequential and operational, as the red vehicle’s approach directly precedes the black sedan’s stop, indicating a normal traffic flow where one vehicle’s movement triggers the next. The black sedan’s stop likely occurred in response to the red vehicle’s presence, maintaining orderly traffic progression through the intersection."
d7c874c105b05bbb,D
72eb64b64597ef80,B) A T-bone collision where the green SUV struck the side of the red sedan.
58a5074f73687498,"The root cause of the incident is the red truck’s failure to yield the right-of-way at the intersection. The truck enters the intersection from the top of the frame, moving toward the camera, while a black sedan approaches from the left. The collision occurs as the truck and sedan cross paths without clear right-of-way adherence, indicating an anomalous and unsafe maneuver."
48954cda62f4af48,"This video is captured from an elevated CCTV camera during daylight hours, showing a four-way intersection on a paved road. The road has two lanes in each direction, separated by a painted double yellow line, with dashed white lines marking lane divisions. Traffic flows toward the camera on the near side and away from the camera on the far side. No traffic signals, signs, or crosswalk markings are visible. The surroundings include dense green trees and shrubs lining both sides of the road, with no buildings or streetlights in view. On-screen text in the upper left corner reads “15TH AVE NE AND NE 75TH EAST.” A dark-colored sedan is visible approaching the intersection from the distance."
09209c5ca03aa834,"A black SUV approaches the intersection from the distance, slows, and comes to a stop at the crosswalk. This movement represents a standard flow of traffic in a light-volume corridor."
fb549ab6ac92d43b,"{""start"": ""00:02"", ""end"": ""00:05""}"
a49f3a8b69d412ce,"The video shows a quiet intersection at 15th Ave NE and NE 75th East with light traffic and abundant tree cover casting shadows on the road. At 00:02, a red sedan approaches the intersection from the distance, moving toward the camera. By 00:04, the sedan slows and comes to a stop at the crosswalk, remaining stationary until 00:08. No other vehicles or pedestrians are visible, and there are no collisions, near-misses, or anomalies. All vehicles maintain their lanes and steady speeds without any collisions or anomalies. The root cause of the incident is the absence of any traffic or anomalies, indicating a routine, uneventful moment."
39027d4f635af954,Yes
84cfef80851ff7a8,No
f33f4b42508d9984,No. There is no visible T-bone collision between two white sedans at the intersection in the video.
a39e3d40805941ed,No. The white sedan does not stall; it continues moving forward through the intersection after the crash.
90eabf5637d780a0,"At 00:03.07, a white sedan is turning left into the intersection, while by 00:03.84, the same sedan has completed its turn and is now proceeding straight through the intersection. The relationship is one of sequential and operational, as the vehicle’s maneuver from turning left to continuing straight represents the natural progression of a traffic maneuver. The consequence is that the sedan successfully transitions from an intersection entry phase to an ongoing travel phase, maintaining the flow of traffic without disruption."
4e3fd4a6610dd321,C
bfb1058a1f0ac445,"A) The white sedan coming from the right stalls in the intersection, temporarily blocking traffic, while the struck sedan is deflected but keeps moving."
a7c4a8fbe70b4d6f,"The root cause of the incident is a white sedan making an abrupt left turn into the path of an oncoming black SUV. The sedan’s maneuver was not anticipated by the SUV driver, leading to a collision. This behavior is anomalous and disrupts the otherwise steady traffic flow."
9108dbec2ac86e3e,"This video is captured from an elevated traffic camera during daytime, showing a four-way intersection at 3rd Ave & Denny Way. The road is multi-lane, divided by a double yellow center line, with traffic flowing in both directions relative to the frame; lanes are marked with dashed white lines and the surface appears dry. Traffic signals and crosswalks are visible at the intersection, along with sidewalks on both sides. Surroundings include modern buildings, trees, and streetlights, with on-screen text indicating the location. Several vehicles, including a white van, black SUVs, and a silver sedan, are present."
acf2536055768843,"A white sedan crosses the intersection from left to right, moving toward the camera. This movement represents a standard flow of traffic in a light-volume corridor."
ecb27462e11799ee,"{""start"": ""00:02"", ""end"": ""00:05""}"
5deccab4e06b4617,"The video shows a busy urban intersection with moderate traffic flow and pedestrians crossing sidewalks. At 00:03, a white sedan in the left lane swerves sharply left, narrowly avoiding a collision with a black SUV ahead. By 00:05, the white sedan continues its erratic path, veering into the right lane before correcting. At 00:07, it abruptly stops, blocking traffic momentarily. The root cause of the incident is the white sedan’s sudden, unexplained swerve and stop, likely due to driver error or distraction. All vehicles maintain their lanes and steady speeds without any collisions or anomalies."
288d36d4cdba8b73,Yes
3459a8153637e479,Yes
d4c256e077ebe758,No. The white SUV continues moving forward after the collision and does not obstruct traffic.
cd99fd2dc6375a59,No. The white SUV does not visibly activate a turn signal before changing lanes in the video.
ead3054dbc25100d,"At 00:01.33, a white sedan crosses the intersection while a black SUV approaches from the opposite direction, and by 00:06.78, the white sedan has cleared the intersection and is now further down the road, while the black SUV has also passed through and is continuing forward. The relationship is one of sequential and operational, as the vehicles proceed through the intersection in a normal traffic flow, with each vehicle completing its maneuver before the next begins. The consequence is that both vehicles have successfully navigated the intersection without incident, maintaining steady traffic progression."
9fa3d07f5a96ca48,A
c7d4a6dd7955e8da,"C) The white SUV, because it entered the intersection while the traffic light was red."
c3e039c152741501,"The direct consequence of the collision on the overall traffic flow within the intersection is a temporary disruption. Vehicles in all lanes come to a halt or slow significantly, creating a congested and anomalous flow as drivers react to the accident scene. The traffic flow is momentarily halted before gradually resuming."
b61396de291bcd7c,"This video is captured from an elevated traffic camera during daylight hours, showing a multi-lane divided highway at a four-way intersection. The road has three lanes in each direction separated by a double yellow line and a painted median; lane markings are clear and the surface appears dry. Traffic flows toward the camera on the left and away from the camera on the right. Traffic signals are visible overhead, with green lights for the right lanes and a red arrow for the left-turn lane. Sidewalks and streetlights line both sides, with trees and foliage bordering the road. On-screen text reads “GREENWOOD AND 130 NS.” A black SUV and a white sedan are visible in the intersection."
f17841a111974a20,"A white sedan accelerates through the intersection, crossing the crosswalk and colliding with a silver sedan that was stopped at the intersection. This movement represents a sudden, high-speed maneuver that resulted in a direct collision with a stationary vehicle."
779fc0da52fce455,"{""start"": ""00:02"", ""end"": ""00:04""}"
e30172bd6e9e0347,"The video shows a typical urban intersection at Greenwood and 130 NS with moderate traffic flow and clear traffic signals. At 00:02, a black SUV enters the intersection from the left, crossing paths with a white sedan that is turning right. The vehicles collide mid-intersection, causing the white sedan to spin and come to rest on its side. Debris is scattered across the road, and the black SUV continues forward before stopping. The root cause of the incident is the black SUV failing to yield to the right-turning white sedan. All vehicles maintain their lanes and steady speeds without any collisions or anomalies."
de4ae161ff26a744,No
342411abc3e8463f,No
192f9f5d263547bf,"Yes. A silver SUV makes a left turn and collides with a white sedan approaching from the opposite direction, resulting in a T-bone collision."
91638cdedacb8882,"No. The white sedan veers off its lane and comes to a stop after the collision, indicating it does not continue to drive normally."
5fa552c7e452f1d8,"At 00:04.84, a white sedan enters the frame from the bottom right, moving toward the camera, while by 00:12.89, the same white sedan is stationary on the left side of the road, having collided with another vehicle. The relationship is one of direct cause and effect: the sedan’s movement into the frame and subsequent collision with another vehicle directly led to its stationary position and the resulting traffic disruption. The consequence is that the sedan is now immobilized, with visible damage and debris on the road, indicating a significant traffic incident has occurred."
850c2829d522010c,A
065a67e28d4259e4,A) It merged from lane two into lane three while attempting to overtake a white sedan.
53f14827094e7774,"The root cause of the incident is a white sedan making an abrupt left turn into the path of a red truck traveling straight. The sedan’s maneuver appears to be the direct cause of the collision, as the truck’s trajectory was not altered, indicating an anomalous and unsafe driving behavior by the sedan."
7bd8734a5fcdfdd9,"This video is captured from an elevated traffic camera at night, overlooking a multi-lane divided highway. The road features multiple lanes in each direction separated by a double yellow line, with dashed white lines marking individual lanes; the surface appears wet, reflecting streetlights. Traffic flows toward the camera on the right side and away from the camera on the left. No traffic signals or signboards are visible. Surroundings include illuminated buildings, trees along the roadside, and streetlights. On-screen text reads “15TH AVE W AND EMERSON BALLARD_BR.” A white sedan and a red sedan are visible on the road."
255d586326bcf0a3,"A white sedan enters the frame from the bottom right, moving toward the camera. This movement represents a standard flow of traffic in a light-volume corridor."
1a5a71aab144454a,"{""start"": ""00:08"", ""end"": ""00:11""}"
466ff8a2dd3f3f94,"The video shows a nighttime urban street scene at the intersection of 15th Ave W and Emerson, with moderate traffic flow and illuminated city surroundings. At 00:06, a white sedan enters the frame from the bottom right, traveling toward the camera. At 00:09, the white sedan collides with a red sedan in the adjacent lane, causing both vehicles to skid and come to a stop. Debris is scattered across the road, and the white sedan’s front end is visibly damaged. The root cause of the incident is the white sedan’s failure to maintain a safe distance and lane position, leading to the collision."
12e63cdb6b7655c4,Yes
09dc75147fd6092b,No
dcd547b4c7b125ca,No. There is no visible T-bone collision in the intersection; vehicles are moving through without apparent impact.
dcaee7b197cd46c0,No. The white sedan is not stopped; it is moving forward and appears to be involved in the collision.
758bf170746aca3c,"At 00:00:54, a black sedan is visible in the rightmost lane, moving forward toward the camera, while by 00:06:32, the same black sedan continues moving forward in the same lane, now closer to the camera. The relationship is one of continuity and stability, as the sedan maintains its lane position and forward motion without interruption or change in behavior between the two timestamps. The consequence is that the sedan’s steady progression through the intersection persists without incident, indicating normal traffic flow."
5c48d6ba200d010b,B
91a91c2758721536,A) The black sedan failed to yield the right-of-way to oncoming traffic while executing a left turn.
69156097a1f4baa0,"The T-bone collision involves a red truck striking a silver sedan from the left. Immediately after, the silver sedan skids sideways, its front end angled sharply, while the red truck continues forward with visible damage to its front bumper. The collision is anomalous, disrupting the otherwise steady traffic flow."
563d0715df9338b0,"This video is captured from an elevated traffic camera during daytime on a multi-lane divided highway. The road features multiple lanes in each direction separated by a grassy median, with painted lane markings including a prominent “ONLY” arrow in the right-turn lane. Traffic flows toward the camera on the left side and away from the camera on the right side. No traffic signals or signboards are visible. Surroundings include bare trees lining the far side of the road and a timestamp overlay in the top-left corner. Several vehicles are present, including a dark blue sedan and a black SUV in the right-turn lane."
851e2ec8c24f51e6,"A black sedan moves steadily forward in the rightmost lane, maintaining its position as it approaches the intersection. This movement represents a standard flow of traffic in a light-volume corridor, with no anomalies or disruptions observed."
1e6c4d9c2707b1b0,"{""start"": ""00:03"", ""end"": ""00:05""}"
dc2e3eabfce9d187,"The video shows a multi-lane road with moderate traffic flow and clear lane markings, including an “ONLY” lane for right turns. At 00:00, a black sedan is visible in the right-turn lane, while a white SUV approaches from the left. By 00:03, a silver sedan enters the frame from the left, crossing into the right-turn lane ahead of the black sedan. At 00:04, the silver sedan makes a sudden right turn, narrowly avoiding a collision with the black sedan, which remains stationary. The silver sedan continues forward, while the black sedan stays in place, appearing to have been caught in the turn. The root cause of the incident is the silver sedan’s abrupt maneuver into the right-turn lane without yielding to the black sedan."
30b72b94af6917f1,Yes
f48ba75417244020,Yes
2b401d6ebf8fa245,"Yes. A collision occurs as a motorcycle and a car make contact in the intersection, indicated by the visible impact and debris."
820a07ef3250ebf0,No. The red sedan does not collide with any other vehicle; it continues moving forward without any visible impact.
d87e77bb9250e4e2,"At 00:01.59, a motorcycle is seen moving through the intersection, while by 00:05.75, two cars are visible navigating the same intersection. The relationship is sequential and operational, as the motorcycle’s passage initiates a change in traffic flow that allows subsequent vehicles to enter the intersection. The consequence is that the motorcycle’s movement clears the way for the cars to proceed, maintaining the orderly progression of traffic through the intersection."
ff8294f6005edfce,D
a96eea65028c228d,"A) The black sedan deflects and stalls within the intersection, obstructing the roadway."
ab85bbc1b716710e,"The red truck is at fault for the collision, as it failed to stop at the red traffic light and entered the intersection while another vehicle was still present. This violation of the stop-at-red-light rule caused the collision, resulting in an anomalous and dangerous traffic event."
eca5f3334e2b484a,"This video is captured from an elevated traffic camera at night, showing a four-way intersection with wet pavement reflecting streetlights. The road has multiple lanes in each direction, separated by a center median, with dashed white lane markings and painted arrows indicating traffic flow toward the camera and away from it. Traffic signals are visible at all corners, with red lights illuminated, and crosswalks are marked on the pavement. Surroundings include trees, streetlights, and a large building with bright lights in the background. A red sedan and a white sedan are visible as vehicles navigate the intersection."
9686e45b7dca5c8b,"A dark-colored sedan enters the frame from the bottom left, moving toward the camera. This movement represents a standard flow of traffic in a light-volume corridor."
4a29c556217420e1,"{""start"": ""00:05"", ""end"": ""00:07""}"
aa3ca2b3b9261464,"The video shows a nighttime intersection with wet pavement and active traffic under streetlights. At 00:00, a dark-colored sedan enters the frame from the bottom, moving toward the camera. At 00:02, a motorcycle with bright headlights appears, traveling straight through the intersection. At 00:04, the motorcycle veers sharply to the right, colliding with the rear of the sedan, causing both vehicles to skid. The sedan’s rear bumper is visibly damaged, and the motorcycle’s rider is thrown forward. The root cause of the incident is the motorcycle’s sudden, uncontrolled turn into the path of the sedan."
73663020155374fe,No
0d4f5fc1a3f5c6e9,No
e6a0035e94f10026,No. The silver sedan and black SUV do not make contact; the silver sedan turns left while the black SUV continues straight.
5cacad392db4ff77,"No. The white SUV is visible approaching the intersection from the right but does not appear to be involved in the collision, which occurs between the silver sedan and the dark-colored vehicle ahead of it."
b993a72481b94797,"At 00:02.09, a red car enters the frame from the bottom right, moving toward the camera, while by 00:07.26, a white van has also entered the frame from the bottom right, moving toward the camera. The relationship is sequential and operational, as the red car’s entry initiates a pattern of vehicles approaching the intersection, which continues with the white van’s arrival. The consequence is the steady progression of traffic through the intersection, maintaining flow without disruption."
657f353c24f6e964,A
2508e2f7a7652fa0,"C) Both vehicles remain stationary in the intersection, forcing following vehicles to stop."
36cb9d823668de82,"The red truck is at fault for the collision, having violated the right-of-way rule by entering the intersection from the right lane while the traffic light was green for the cross-traffic. Its sudden and abrupt movement into the path of oncoming vehicles caused the collision, indicating an anomalous and unsafe driving behavior."
e692ca1ce2fec5b0,"This video is captured from an elevated traffic camera at night, showing a multi-lane divided highway under an overpass. The road surface is wet, reflecting vehicle lights, and features dashed white lane dividers and painted arrows indicating traffic flow. Traffic moves in both directions: vehicles approach from the distance toward the camera on the left side, while cars exit toward the bottom of the frame on the right. Traffic signals are visible, with a green light for the right lane and a red light for the left. Overhead text identifies the location as “HARBOR AND SPOKANE ST SOUTH_AVALON_WAY.” No crosswalks or sidewalks are visible. A white minivan and a red sedan are present in the right lane, while a silver sedan and a white SUV are visible in the left lane."
9c1b9969cf3f7585,"A white minivan enters the frame from the bottom right, moving forward toward the camera. This movement represents a standard flow of traffic in a light-volume corridor."
7d0448040e6ad2d4,"{""start"": ""00:05"", ""end"": ""00:08""}"
672e271ec57566da,"The video shows nighttime traffic at an intersection under an overpass, with wet pavement reflecting vehicle lights and traffic signals illuminated. At 00:03, a dark sedan enters the frame from the bottom right, moving toward the camera. By 00:05, a red sedan appears in the middle lane, followed by a white minivan entering from the bottom right at 00:07. At 00:09, a silver sedan is visible in the far lane, approaching the intersection. All vehicles maintain their lanes and steady speeds without any collisions or anomalies. The root cause of the incident is none, as no incident occurred."
c3e18b029fff8fe1,Yes
8a2c0f311bc45851,No
53657798063c0280,No. There is no visible T-bone collision; vehicles are moving through the intersection without impact.
d458eb481f475e13,"No. The black SUV comes to a stop after the collision, indicating it does not continue driving straight."
70ad95af78e5ebcb,"At 00:01:35, a red SUV is approaching the intersection with its brake lights illuminated, while by 00:06:77, the same SUV has come to a complete stop at the stop line, with traffic lights now red. The relationship is one of sequential and operational, as the SUV’s deceleration and stop at 00:01:35 directly precede its full stop at 00:06:77, indicating compliance with the traffic signal change. The consequence is the SUV remaining stationary at the stop line, awaiting the signal to proceed, consistent with standard traffic behavior."
be75aeecaf8dea36,C
a2f7a375c08e281f,"C) The gray SUV, because it entered the intersection and crossed the path of the black SUV while the main road's traffic signals were green."
2f965da7a67eabcc,"The direct consequences of the collision on the traffic flow within the intersection are immediate disruption and congestion. Vehicles approaching from multiple directions are forced to halt or slow down, creating a stop-and-go pattern. The flow becomes anomalous and congested as the collision blocks the intersection, causing backups in all directions."
1b339e64dde0b7da,"This video is captured from an elevated traffic camera at night, overlooking a four-way intersection on 25th Ave NE & NE 66th St. The road is a multi-lane street with a center divider, featuring two lanes in each direction; the lanes are marked with double yellow lines and white dashed lines, and the surface appears wet from recent rain. Traffic flows toward and away from the camera, with vehicles approaching from both directions. Traffic signals are visible at the intersection, currently showing green, then yellow, then red. Sidewalks and streetlights line the road, with residential buildings and trees visible in the background. On-screen text identifies the location. A red SUV and a silver sedan are visible approaching the intersection."
ca2d582f99a54369,A red SUV accelerates forward through the intersection as the traffic light turns yellow. This movement represents a standard flow of traffic in a light-volume corridor.
a7f7af6fd36f09f0,"{""start"": ""00:02"", ""end"": ""00:04""}"
91545cfb37e62cf3,"The video shows a nighttime intersection at 25th Ave NE & NE 66th St with moderate traffic flow under changing traffic lights. At 00:00, a red SUV approaches the intersection from the bottom of the frame, followed by a white sedan. The traffic lights turn yellow at 00:04 and then red at 00:07, causing both vehicles to slow and stop. The red SUV remains stationary while the white sedan begins to move forward slightly before stopping again. No collisions or anomalies occur. All vehicles maintain their lanes and steady speeds without any collisions or anomalies. The root cause of the incident is the standard traffic signal cycle regulating vehicle movement."
a479660eb75b4d5f,Yes
4ac475b1b93c9706,No
c836cf67d02a498e,"Yes. The gray sedan enters the intersection after the light turns red, indicating it ran the red light."
e4ca7e776be93ae9,"No. There is no visible white SUV in the video, and no collision involving such a vehicle occurs."
46fb80cb5d1e4b1e,"At 00:00:00, a wide street with light traffic and pedestrians crossing is visible, while by 00:06:29, the same street continues to show steady traffic flow with no significant changes. The relationship is one of continuity and stability, as the scene remains consistent with vehicles moving along the road and pedestrians continuing their paths without interruption. The traffic and pedestrian activity simply persist without notable incident or alteration between the two moments."
bf54351310f4d7b9,B
b0cc945792a5715a,A) A gray sedan coming from the bottom of the frame failed to stop for a red light.
23f0bd374be8ba05,"The direct consequence of the collision between the gray sedan and the black sedan is that both vehicles come to an abrupt stop in the middle of the intersection. This creates a traffic jam, disrupting the otherwise steady flow of vehicles and pedestrians crossing the intersection. The incident is anomalous, as it halts normal traffic progression."
ed1e84af795ee1a5,"This video is captured from an elevated traffic camera during daytime, showing a multi-lane divided road with a central yellow divider. The road has multiple lanes on each side, with dashed white lane markings and a solid double yellow line separating opposing traffic flows. The surface appears dry. No traffic signals or signboards are visible. Surroundings include buildings on both sides, bare trees, and streetlights. On-screen text reads “5 AVE AND NORTHGATE – NS NORTH.” A dark-colored sedan and a silver SUV are visible moving toward the camera."
4766c23e17632b1b,A dark gray sedan continues moving forward through the intersection. This movement represents a standard flow of traffic in a light-volume corridor.
a8f43480f90dbc66,"{""start"": ""00:04"", ""end"": ""00:06""}"
03a520431b3fe810,"The video shows a wide, multi-lane urban street with moderate traffic flow and sparse pedestrian activity under overcast skies. At 00:02, a dark sedan enters the frame from the bottom right, moving toward the camera. At 00:04, a silver SUV crosses the intersection from left to right, followed by a black sedan that appears to swerve slightly before continuing straight. At 00:05, a pedestrian crosses the street near the center, seemingly unharmed. The root cause of the incident is the black sedan’s slight swerve, which momentarily disrupted the flow but did not result in a collision. All vehicles maintain their lanes and steady speeds without any collisions or anomalies."
ac9c400a63099213,Yes
78d866211dfa0c1a,No
50f9e0302b959906,"Yes. A dark-colored sedan enters the intersection from the right and collides with a black sedan that is crossing from the left, resulting in a T-bone collision."
70bbd46ba55318fe,"No. The white truck is stationary and positioned behind the yellow vehicle, not involved in the collision between the two black cars."
65dba39b66d22f3e,"At 00:02.66, a dark sedan enters the intersection from the right, while by 00:04.00, the sedan has collided with another dark sedan that was already in the intersection. The relationship is one of direct cause and effect: the sedan’s entry into the intersection at 00:02.66 directly led to the collision observed at 00:04.00, as the second vehicle was positioned to be struck by the first. The consequence is the visible impact and deformation of both vehicles, indicating a sudden, forceful collision resulting from the first vehicle’s path."
68c591cfb3ffe64f,C
e2d1d4d0a1905a49,D) The black sedan failed to stop for a red traffic signal while traveling from top to bottom.
d21336396e5f2590,"The direct consequences of the collision between the black sedan and the silver sedan are visible damage to both vehicles, with the black sedan appearing to have sustained more significant impact on its front left side. The collision causes an abrupt halt to their forward motion, disrupting the flow of traffic and creating a stationary obstruction in the intersection. This event is anomalous within the otherwise steady traffic flow."
d162a95d0d678ccf,"This video is captured from an elevated traffic camera during daytime under overcast skies, showing a multi-lane divided highway with wet asphalt. The road has multiple lanes in each direction separated by a median, with dashed white lane markings and painted crosswalks at the intersection. Traffic flows toward the camera on the right side and away from the camera on the left. No traffic signals or signboards are visible. Surroundings include a colorful building on the left, an overpass on the right, and a “1ST AVE & SPOKANE” sign in the upper left corner. A black sedan and a white van are visible on the road."
598d664f53f93add,"A black sedan enters the frame from the right, moving toward the camera. This movement represents a standard flow of traffic in a light-volume corridor."
cc9d7cb025bca87d,"{""start"": ""00:02"", ""end"": ""00:05""}"
054bdab71c868250,"The video shows a wet urban intersection with moderate traffic under overcast skies, featuring a green building on the left and an elevated roadway on the right. At 00:02, a dark sedan enters the frame from the right, crossing the intersection diagonally. At 00:03, it collides with a black sedan already in the intersection, causing both vehicles to spin and come to rest at 00:05. The impact results in visible damage to the front ends of both cars. The root cause of the incident is the dark sedan’s failure to yield the right-of-way and its improper crossing of the intersection."
939bfac5abb59af6,Yes
22d9640f1c0de6ae,No
cb42a8b9b7d6e6a7,"Yes. A dark-colored sedan crosses into the path of a white sedan, resulting in a collision in the middle of the intersection."
6fd2100641e726b8,No. The gray sedan is turning left into the intersection when the collision occurs.
47a5aecfc0226b2e,"At 00:03.10, a white sedan is seen turning left into the intersection, while by 00:12.03, a dark-colored sedan is visible having completed its turn and is now moving toward the bottom of the frame. The relationship is one of sequential and operational, as the first vehicle’s maneuver directly precedes and enables the second vehicle’s path through the intersection. The consequence is that the first vehicle’s turn clears the way for the second vehicle to proceed without obstruction, maintaining the flow of traffic."
1581409dab611b0f,C
2e6dda5b87babef1,B) A T-bone collision where the black SUV struck the side of the turning gray sedan.
2d6cdc0357eb99d1,"The root cause of the incident is a black sedan failing to yield the right-of-way at the intersection, colliding with a white sedan that was legally proceeding through the intersection. This failure to yield disrupts the orderly flow of traffic and results in a direct collision, indicating an anomalous and unsafe driving behavior."
6f551c15ada56b23,"This video is captured from an elevated traffic camera at 04:30 on a clear, sunny day, overlooking a four-way intersection at East-West Conn and South Cobb Dr. The intersection features multiple lanes in each direction, separated by painted white lane dividers and marked crosswalks; traffic flows toward and away from the camera. No traffic signals or signboards are visible. Surroundings include trees, commercial buildings, and a gas station in the background, with on-screen text indicating the camera ID and timestamp. Several vehicles, including a white sedan, a black SUV, and a white pickup truck, are visible navigating the intersection."
6e60f1bce82d13bd,A black SUV continues moving toward the bottom of the frame after the collision. This movement represents a standard flow of traffic in a light-volume corridor.
974a65b76cb1ccc8,"{""start"": ""00:00"", ""end"": ""00:02""}"
f354d0a63880c41a,"The video shows a busy intersection with multiple lanes of traffic moving in all directions under clear daylight conditions. At 00:03, a black sedan crosses into the path of a white pickup truck, causing a collision near the center of the intersection. The black sedan spins out after impact, coming to rest at 00:05 with its front end facing toward the bottom of the frame. The white pickup truck continues forward briefly before stopping. The root cause of the incident is the black sedan’s failure to yield the right-of-way to the white pickup truck."
f682fbc01c6c404c,No
bf34997560206b44,No
287977126ecc3a7c,"Yes. The gray SUV makes a sudden, sharp left turn, crossing multiple lanes of traffic toward the bottom of the frame."
f5ce87e1b7f9d96f,No. The parked bus is stationary on the right side of the frame and does not interact with any moving vehicles involved in the collision.
0108b46d6878cf19,"At 00:03.13, a red car is visible in the right lane, moving toward the camera, while by 00:05.82, a silver sedan has collided with a black SUV in the same lane, causing both vehicles to spin and come to rest. The relationship is one of direct cause and effect: the red car’s movement at 00:03.13 precedes and contributes to the collision at 00:05.82, as it appears to have initiated a maneuver that led to the impact. The consequence is the immediate aftermath of the crash, with the silver sedan and black SUV entangled and stationary, disrupting the flow of traffic."
a33a9e1e707d124e,C
a2bc18e57f5f3945,"A) Both vehicles are immobilized in the roadway, disrupting the flow of surrounding traffic."
fd28e2a8bb9620c7,"The white sedan is at fault for the collision, having failed to yield the right-of-way and veered into the path of the red truck. The sedan’s abrupt lane change without signaling or checking blind spots constitutes a clear traffic violation, disrupting the otherwise steady flow of traffic."
773f69cfc7d9c800,"This video is captured from an elevated traffic camera during daytime, showing a multi-lane divided highway with wet pavement. The road has multiple lanes in each direction separated by a yellow center line and white lane markings; traffic flows toward the camera on the right and away from the camera on the left. No traffic signals or signboards are visible. Surroundings include buildings, trees, and streetlights, with a large billboard reading “24/7/365 WORKING FOR YOU” on the right. A red bus is visible on the far right, and various cars including a white sedan and a red SUV are present."
d34e50030054b169,"A black SUV drives toward the camera, then veers sharply left into the adjacent lane, colliding with a silver sedan. This movement represents a sudden, hazardous maneuver that disrupts the flow of traffic and results in a direct collision."
26d3de4951194e78,"{""start"": ""00:04"", ""end"": ""00:06""}"
c6fec06aae4b2f73,"The video shows a multi-lane urban bridge with moderate traffic flow, flanked by waterfront and city buildings under overcast skies. At 00:03, a silver sedan in the middle lane abruptly veers left, crossing into the adjacent lane before correcting its path. By 00:06, the silver sedan has fully re-entered its original lane, continuing forward without visible damage or disruption. No other vehicles appear to be involved, and no pedestrians or other anomalies are observed. All vehicles maintain their lanes and steady speeds without any collisions or anomalies. The root cause of the incident is the silver sedan’s sudden lane deviation, likely due to driver error or distraction."
2237171f98d54bb4,Yes
be80667ddba0e464,No
7f7630fff56df26b,No. The silver hatchback does not collide with the black SUV; it passes through the intersection without making contact.
d7c432da18392670,"No. The traffic light for vehicles traveling from the bottom of the frame is green, as indicated by the illuminated green signal visible in the upper left portion of the frame."
bbed4e357f93f2dd,"At 00:04.67, a red SUV is seen braking and turning right into the intersection, while by 00:07.57, the same red SUV has completed its turn and is now moving away from the intersection toward the right side of the frame. The relationship is one of sequential and operational, as the SUV’s maneuver at 00:04.67 directly led to its position and movement at 00:07.57, indicating a completed traffic maneuver. The consequence is that the SUV successfully cleared the intersection and is now proceeding along its intended path, with no visible disruption to traffic flow."
60613afd4bb27221,B
008db65b90a4e5c3,"C) The black SUV, for failing to yield to the black sedan entering from the right."
2f942d2a2745ba73,"The direct consequence of the collisions involving the three vehicles is a chain-reaction crash that causes visible smoke and immobilizes the vehicles in the intersection. This results in a sudden, anomalous disruption to the otherwise steady traffic flow, forcing other vehicles to brake or swerve to avoid the scene."
8c2245a6af27615c,"This video is captured from an elevated traffic camera at night, overlooking a four-way intersection on 1st Ave. S & E Marginal, North. The road is multi-lane, divided by a painted centerline, with traffic flowing toward the camera on the left and away from the camera on the right; lane markings are visible but the surface appears dry. Traffic signals are present at the intersection, with green lights visible for the approaching traffic. Sidewalks and streetlights line the road, and commercial buildings with illuminated signs are visible in the background. No crosswalks or bus stops are clearly visible. Several vehicles, including a red sedan and a dark-colored SUV, are present in the intersection."
d59707be541d94ca,"A red SUV accelerates toward the camera, navigating through the intersection. This movement represents a standard flow of traffic in a light-volume corridor."
0845d5010c63c4eb,"{""start"": ""00:02"", ""end"": ""00:09""}"
1a88bd2e59a906c0,"The video shows a nighttime urban intersection with moderate traffic flow and illuminated streetlights. At 00:02, a silver sedan enters the intersection from the left, followed by a red sedan and a black SUV. At 00:04, the red sedan veers sharply left, colliding with the black SUV, which skids sideways and comes to a stop. Smoke rises from the point of impact as the red sedan continues forward, narrowly avoiding a pedestrian crossing the street. The root cause of the incident is the red sedan’s sudden and uncontrolled left turn into the path of the black SUV."
357bebe55fd175c0,No
2f826483180be0a9,No
6b7042d50eae4d8d,"No. The black sedan is seen approaching the intersection and stops before the crosswalk, indicating it does not run the red light."
7974cdf862d726c8,"No. The dark gray sedan is not the only vehicle involved; a white bus also appears to be involved in the collision, as it is seen moving toward the camera with its lights on and appears to be in close proximity to the sedan."
5d1122ac239926f3,"At 00:04.07, a red sedan is visible approaching the intersection, while by 00:07.41, the same sedan has passed through the intersection and is now further down the road, continuing eastbound. The relationship is one of sequential and operational, as the sedan’s movement through the intersection is a natural progression of its trajectory along the roadway. The sedan’s passage through the intersection at 00:04.07 directly led to its position further down the road at 00:07.41, indicating normal traffic flow without interruption."
f0b59407ef163fd8,C
583651af586db329,D) A black sedan traveling from bottom to top entered the intersection against a red traffic light.
7ecb8afbf4da7d1e,"The sequence of events shows a steady flow of traffic on 19th Ave N & Mercer St East, with vehicles moving in orderly lanes. No collisions are visually evident in the provided frames; the traffic remains free-flowing without anomalies or disruptions."
7a02c6777d418010,"This video is captured from an elevated traffic camera at night, showing a multi-lane divided street at a four-way intersection. The road has multiple lanes in each direction separated by a painted center line; traffic flows toward the camera on the right and away from the camera on the left, with visible lane markings. The road surface appears wet, reflecting the streetlights and vehicle lights. Traffic signals are visible at the intersection, and crosswalks are marked on the road. Buildings and trees line both sides of the street, with streetlights illuminating the scene. On-screen text reads “19TH AVE N & MERCER ST East.” Several vehicles, including a white SUV and a red sedan, are visible."
46b33a879956f581,"A black SUV moves toward the camera, following a red sedan. This movement represents a standard flow of traffic in a light-volume corridor."
873bb45ac0a464d3,"{""start"": ""00:00"", ""end"": ""00:02""}"
48a492c7482d2a22,"The video shows a nighttime urban intersection at 19th Ave N & Mercer St East, with moderate traffic flow and illuminated streetlights casting a warm glow over the wet pavement. At 00:00, a dark sedan approaches from the distance, followed by a red sedan and a silver SUV, all moving steadily toward the camera. At 00:07, a white bus enters the frame from the bottom, traveling toward the camera and overtaking the silver SUV. The bus continues its path without incident, maintaining a consistent speed. All vehicles maintain their lanes and steady speeds without any collisions or anomalies. The root cause of the incident is the absence of any traffic disruption or anomaly throughout the clip."
b7e43dd8b89c3f8e,Yes
b450f92281a889a9,No
8cec5604dcc23640,No. There is no visible T-bone collision; vehicles are moving through the intersection without any signs of impact.
c2f07080d3442250,No. The pedestrian is not involved in the collision; they are standing still on the sidewalk while vehicles pass by.
d06dc06fb1ee266e,"At 00:02.81, a red car is visible approaching the intersection, while by 00:06.25, the same red car has passed through the intersection and is continuing down the road. The relationship is one of sequential and operational, as the car’s movement from the first moment to the second represents the completion of a standard traffic maneuver through the intersection. The consequence is that the vehicle has successfully navigated the intersection and is now part of the ongoing flow of traffic further down the street."
201a857c0bbebd8e,A
0574110cf736046e,D) A rear-end collision where a black car strikes the back of a white sedan moving in the same direction.
b8525392f93deb85,"The direct consequences of the collision involve the red truck and the white sedan coming to an abrupt stop, disrupting the flow of traffic. Surrounding vehicles slow down or stop to avoid the scene, creating a localized congestion anomaly. The incident halts the otherwise steady traffic flow momentarily."
4c48b27c2bda37d4,"This video is captured from an elevated CCTV camera at night, overlooking a multi-lane urban street with a wet asphalt surface reflecting streetlights. The road has two lanes in each direction separated by a double yellow line, with traffic flowing toward the camera on the right and away from the camera on the left. No traffic signals, crosswalks, or visible signage are present. The surroundings include tall buildings lining both sides, sparse trees, and illuminated streetlights. On-screen text in the top-left corner reads “3rd Ave & Wall St South.” A red sedan and a white SUV are visible in motion, along with several parked vehicles."
1483de0ea9b86b93,"A red sedan moves toward the camera, slowing as it approaches an intersection. This movement represents a standard flow of traffic in a light-volume corridor."
88a9b1c2fa486769,"{""start"": ""00:02"", ""end"": ""00:04""}"
c62b8dd221770241,"The video shows a nighttime urban street scene with moderate traffic flow on 3rd Ave & Wall St South, illuminated by streetlights and vehicle headlights. At 00:00, a red sedan approaches from the distance, moving toward the camera. It slows and stops at an intersection ahead, then proceeds through the intersection without incident. A white SUV is visible parked on the right side of the road, and other vehicles continue moving steadily in both directions. All vehicles maintain their lanes and steady speeds without any collisions or anomalies. The root cause of the incident is none, as no anomalies occurred."
20f05e29d56390c7,No
59ced18a0f084ddd,Yes
59cbfc5d3c9ee929,No. The black SUV and silver sedan do not make contact; they pass each other without collision.
0e6aec9884bf9f2a,No. The silver sedan is stationary at the intersection when struck by the black SUV.
2def9e6cfdf585a4,"At 00:02.79, a red sedan is seen moving forward through the intersection, while by 00:05.43, the same red sedan has completed its passage and is now positioned further down the road, having cleared the crosswalk. The relationship is one of sequential and operational, as the sedan’s forward motion through the intersection at the first moment directly leads to its continued travel and position change by the second moment. The consequence is the sedan’s progression through the intersection, indicating normal traffic flow without interruption or incident."
39a75c4edf872890,B
47c0a80bebf543d7,C) The silver sedan is pushed forward into the intersection.
a596509403accf1b,"The root cause of the incident is the white sedan failing to yield to the black SUV approaching from the right at the intersection. The sedan’s abrupt stop and subsequent collision with the SUV indicate an anomalous and unsafe maneuver, disrupting the otherwise steady traffic flow."
0585749f8f1fd7c3,"This video is captured from an elevated traffic camera at an intersection during daylight hours, showing MLK Jr Way and E Yesler Way South. The road is a four-way intersection with multiple lanes in each direction, separated by a double yellow center line and marked with white dashed lane dividers; the surface appears dry. Traffic flows toward the camera on the left and away from the camera on the right. Traffic signals and crosswalks are visible at the intersection, with a white SUV and a black SUV stopped at the crosswalk. Surroundings include residential buildings, trees, and streetlights, with on-screen text identifying the location. A red sedan and a silver sedan are also visible in the frame."
40f56bd9b7f19f18,"A black SUV moves forward through the intersection, making contact with the rear of a white sedan. This movement represents a standard flow of traffic in a light-volume corridor."
4980003497fcc7e6,"{""start"": ""00:00"", ""end"": ""00:01""}"
f6cb08e22235fff5,"The video shows a steady flow of traffic at the intersection of MLK Jr. Way and E. Yesler Way South, with vehicles moving in both directions under active traffic signals. At 00:00, a red sedan approaches the intersection from the bottom of the frame, while a white sedan and a black SUV are stopped at the crosswalk. By 00:03, the red sedan proceeds through the intersection, followed by the white sedan and black SUV, which remain stationary. At 00:07, a silver minivan enters the frame from the left, passing through the intersection without incident. All vehicles maintain their lanes and steady speeds without any collisions or anomalies. The root cause of the incident is none, as no incident occurred."
2577c1973d05c97a,No
ec7cd5758c003197,Yes
291406d36ba99fae,No. The SUV does not roll over after the collision; it continues moving forward with visible damage but remains on its wheels.
4e356c66ed1c28b2,"No. The vehicles continue moving forward after the collision, with one vehicle appearing to skid or spin while still in motion."
2232fb44887cf5d9,"At 00:05.00, a dark sedan enters the frame from the bottom right and begins moving toward the camera, while by 00:10.00, the sedan has continued its forward motion, now positioned closer to the center of the road. The relationship is one of sequential and operational, as the sedan’s movement from 00:05.00 to 00:10.00 represents a continuous progression along the roadway without interruption or deviation. The sedan’s steady advance confirms the uninterrupted flow of traffic, with no change in speed or direction observed between the two moments."
50074418d74fc174,B
778f69ee11d5219f,D) The dark colored SUV made an unsafe lane change from the seventh to the sixth lane without yielding.
ad9568c77b39d38d,"The red truck loses control, veers sharply right, collides with a stationary white sedan, and skids across multiple lanes before coming to rest. The impact causes visible deformation on both vehicles. The sequence is anomalous, indicating a sudden loss of control rather than a planned maneuver."
ba49a721b12cda45,"This video is captured from an elevated traffic camera at night, overlooking a multi-lane divided highway. The road has at least three lanes in each direction, separated by a wide median, with dashed white lane markings and double yellow lines indicating no passing. Traffic flows toward the camera on the left side and away from the camera on the right side. No traffic signals or signboards are visible. The surroundings include brightly lit industrial buildings, cranes, and a large parking lot filled with yellow and white vehicles to the right. The road surface appears dry. A red car and a motorcycle are visible moving toward the camera."
ccc70fe6cc354779,"A red sedan enters the frame from the bottom right, moving toward the camera along the main road. This movement represents a standard flow of traffic in a light-volume corridor."
4b209b3d61923b67,"{""start"": ""00:05"", ""end"": ""00:09""}"
d585b0d79d1a2bed,"The video shows a nighttime highway scene adjacent to a brightly lit industrial or port area, with minimal traffic flow and a parking lot filled with yellow trucks. At 00:05, a red sedan enters the frame from the bottom right, accelerating rapidly toward the center of the road. By 00:07, the sedan veers sharply left, colliding with a white pickup truck that is stationary in the right lane. Sparks fly from the impact, and the sedan skids to a stop, partially off the road. The root cause of the incident is the red sedan’s sudden and uncontrolled maneuver into the path of the stationary white pickup truck."
de90e71ea7913943,No
2f35a03eae950f03,No
9e8107c05de3944c,No. The bus and the light rail do not make contact; they pass by each other without collision.
19320160b825de05,No. The red SUV is seen turning right and does not make contact with any other vehicle in the frame.
000f062bce19b4c1,"At 00:03.59, a gray SUV enters the intersection from the bottom left, while by 00:07.54, a yellow school bus and a white tram have passed through the same intersection from the left. The relationship is sequential and operational, as the SUV’s entry initiates a phase of traffic movement that continues with other vehicles, including the bus and tram, navigating the intersection in a coordinated flow. The consequence is the sustained progression of traffic through the intersection, with no disruption or incident observed between the two moments."
0047deaca63a01cc,C
7832a2a88e1ce413,D) A yellow bus initiated a left turn without signaling and failed to yield the right-of-way to a light rail moving straight.
6ecea0d9c73cb4cf,"The direct consequence of the collision between the yellow bus and the white light rail is that the bus is visibly pushed sideways, partially off its lane, while the light rail remains upright but appears to have sustained impact damage. The incident disrupts the orderly flow of traffic, creating an anomalous and hazardous situation at the intersection."
dfbb3194f8113618,"This video is captured from an elevated traffic camera at a four-way intersection during overcast daylight, with wet pavement indicating recent rain. The intersection features multiple lanes in each direction, separated by painted lane dividers and crosswalks; traffic flows toward and away from the camera. Traffic signals are visible at each approach, and pedestrian crosswalks are marked on the road surface. Surrounding the intersection are modern buildings, trees, and streetlights, with on-screen text reading “MLK AND OTHELLO ST - EW WEST.” A yellow school bus and a white pickup truck are among the vehicles present."
d079dacb31eed457,"A yellow school bus moves toward the bottom of the frame, crossing the intersection. This movement represents a standard flow of traffic in a light-volume corridor."
35f9cd58e5351683,"{""start"": ""00:05"", ""end"": ""00:08""}"
06f12659bc4a1600,"The video shows a busy urban intersection with moderate traffic flow under overcast skies. At 00:02, a gray SUV enters the frame from the bottom left, moving toward the center. At 00:04, a yellow school bus appears from the left, crossing the intersection. A red pickup truck is seen turning right at 00:05, followed by a white pickup truck at 00:10. A light rail vehicle enters from the bottom left at 00:08, moving horizontally across the frame. All vehicles maintain their lanes and steady speeds without any collisions or anomalies. The root cause of the incident is none, as no anomalies occurred."
021b4bc344b7babd,Yes
3e02693da102bb67,No
25ef08b6e1000944,"Yes. The white SUV enters the intersection while the traffic light is red, indicating it ran the red light."
60d5d5c6c140b591,"No. There are no parked cars visible in the video, and no collision occurs."
9e1eb66ef54d8735,"At 00:01.43, a dark sedan is seen turning left across the intersection, while by 00:02.56, a white SUV is approaching the same intersection from the opposite direction. The relationship is sequential and operational, as the dark sedan’s left turn at 00:01.43 clears the intersection, allowing the white SUV to proceed through the intersection at 00:02.56 without obstruction. The consequence is that the white SUV continues its path through the intersection, indicating the first vehicle’s maneuver successfully cleared the way for the second."
d84db180189dac27,A
98c7394d9d970a4b,A) The black sedan failed to yield the right-of-way to the white SUV during a right turn.
af60d8e873f313c4,"The direct consequence of the collision between the white SUV and the dark SUV is that both vehicles come to an abrupt stop in the intersection. The impact causes visible damage to the front of the dark SUV and disrupts the orderly flow of traffic, creating a sudden, anomalous stop in an otherwise steady traffic pattern."
7feda3519cb4e793,"This video is captured from an elevated traffic camera at night, overlooking a four-way intersection on a wet urban street. The road has multiple lanes in each direction, separated by painted lane markings and a center divider; traffic flows toward the camera on the left and away from the camera on the right. Double yellow lines mark the center, and white dashed lines separate lanes. Traffic signals are visible at the intersection, with green lights for the direction of travel toward the camera. Sidewalks and streetlights line the road, and commercial buildings are visible in the background. On-screen text identifies the location as “23rd Ave E & E Cherry St - NS.” A white SUV and a dark sedan are visible approaching the intersection."
73d9d7d88caca0b5,"A white SUV turns left from the intersection, completing its maneuver into the cross street. This movement represents a standard flow of traffic in a light-volume corridor."
830d22aa74285203,"{""start"": ""00:00"", ""end"": ""00:02""}"
6236d53053dff0f7,"The video shows a nighttime urban intersection at 23rd Ave E & E Cherry St, with moderate traffic flow and active traffic signals. At 00:00, a dark sedan approaches from the south, stopping at the intersection as the traffic light turns red. At 00:01, a white SUV enters the frame from the left, crossing the intersection while the light is green. The SUV proceeds through the intersection without incident, followed by the dark sedan, which then proceeds after the light turns green. All vehicles maintain their lanes and steady speeds without any collisions or anomalies. The root cause of the incident is the normal flow of traffic regulated by traffic signals."
f35963c506e7e491,No
b48d5fa94d2fa75a,Yes
97727e024b2cba5a,No. The white sedan and black SUV do not collide; they pass each other at the intersection without making contact.
e5939984eccef567,No. The traffic lights remain green as the vehicles approach and collide.
468dc11c082b98d5,"At 00:02.49, a dark-colored vehicle enters the intersection from the right, while by 00:07.83, a white sedan has completed a turn and is now positioned in the intersection, having just passed the dark vehicle. The relationship is one of sequential and operational, as the dark vehicle’s entry initiates a maneuver that the white sedan subsequently completes, indicating a normal progression of traffic flow through the intersection. The white sedan’s movement into the intersection directly follows the dark vehicle’s arrival, confirming the steady, expected flow of vehicles navigating the intersection."
fafbf28d4a8d6fd6,D
9d4ecacc2e13912d,C) Both vehicles entered the intersection simultaneously after their respective lights turned green.
201630b4e56e6e2d,"The direct consequence of the collision is a disruption in the surrounding traffic flow. Vehicles approaching the intersection are forced to slow or stop, creating a temporary congestion. The flow becomes anomalous as vehicles queue up, contrasting with the previously steady movement."
9f6faffd73d49288,"This video is captured from an elevated CCTV camera at night, overlooking a four-way intersection at North 1st Ave & Yesler Way. The road surface is wet, reflecting streetlights and vehicle headlights, indicating recent rain. The intersection features multiple lanes on each approach, separated by painted white lines and a central island with trees. Traffic flows in all directions, with vehicles entering from the top, bottom, and sides of the frame. Crosswalks are clearly marked with white stripes, and traffic signals are visible, though their current state is not discernible. Buildings and streetlights line the streets, and on-screen text identifies the location. A white sedan and a dark SUV are visible in motion."
d16a63053b2fef32,"A white sedan enters the intersection from the left, moving toward the camera. This movement represents a standard flow of traffic in a light-volume corridor."
4764d687d4896ca4,"{""start"": ""00:05"", ""end"": ""00:08""}"
d5980624f6d6832c,"The video shows a wet, nighttime urban intersection at North 1st Ave & Yesler Way with moderate traffic flow and active traffic lights. At 00:03, a dark sedan enters the frame from the right, moving toward the camera. At 00:05, a white sedan crosses the intersection from the top of the frame, moving toward the bottom. The dark sedan and white sedan converge near the center of the intersection, appearing to make a near-miss maneuver without direct contact. The root cause of the incident is the close proximity and conflicting paths of the two vehicles as they navigate the intersection under wet conditions."
434ccc849ab789bc,No
6fb359a8d0656a3a,No
00cc069aed7d4cf9,No. There is no visible T-bone collision at the intersection in the provided frames.
09a673d5e1c27984,No. The black SUV is not visible in the video frames provided.
2a039dd0bd6638a0,"At 00:00:88, a red car is visible moving toward the camera on a multi-lane road at night, while by 00:03:03, the same red car continues moving forward, now further down the road, with its brake lights illuminated. The relationship is one of sequential and operational, as the car’s movement from the first moment to the second represents a continuous progression along the roadway without interruption or change in direction. The consequence is that the vehicle has advanced along the road, maintaining its trajectory and speed, consistent with normal traffic flow."
856b242f2966e7cc,A
05b6ec6c8fb5e46e,C) The collision causes a secondary impact with a black SUV traveling from the bottom of the frame.
8e9ac6fbbcd7d00e,"The red truck entered the intersection from the right, cutting across the path of the white sedan. Its movement was abrupt and disregarded the right-of-way, causing the collision. This behavior was anomalous and directly responsible for the incident."
d440821ca298bda6,"This video is captured from an elevated traffic camera at night, showing a multi-lane divided highway with wet pavement reflecting streetlights. The road has at least three lanes in each direction separated by a double yellow line and a concrete median; vehicles move toward the camera on the right and away from the camera on the left. No traffic signals or signboards are visible. Surroundings include illuminated buildings, streetlights, and a covered bus stop on the left. On-screen text reads “Ave S & S Michigan.” A red sedan enters the frame from the bottom right, moving toward the camera."
99af4d9bf823b8c8,"A red sedan enters the frame from the bottom, moving toward the camera. This movement represents a standard flow of traffic in a light-volume corridor."
e5a315da4c480b2a,"{""start"": ""00:00"", ""end"": ""00:01""}"
137e3aaee8320af5,"The video shows a nighttime urban street scene at the intersection of Ave S & S Michigan, with moderate traffic flow and illuminated streetlights. At 00:01, a red sedan enters the frame from the bottom, moving toward the camera along the right lane. The sedan continues forward without deviation, maintaining a steady speed and trajectory. No other vehicles or pedestrians are visible, and no anomalies occur. All vehicles maintain their lanes and steady speeds without any collisions or anomalies. The root cause of the incident is the absence of any traffic disruption or incident."
aa0a18f32dac41f0,No
29c45bd438c5c8df,No
7569dbc612486c60,No. The black sedan and red van do not make contact; they pass each other without collision.
1409c2ee92ec7907,"No. The traffic light facing the bottom of the frame remains red throughout the clip, and the collision occurs while vehicles are stopped at the intersection."
786d6304107ba785,"At 00:07.57, a train passes through the intersection while by 00:12.12, a dark sedan has completed a turn from the left lane into the cross street. The relationship is one of sequential and operational, as the train’s passage clears the intersection, allowing the sedan to safely execute its turn without obstruction. The consequence is that the sedan successfully merges into traffic after the train has fully cleared the frame, maintaining normal flow."
8a5dc2ec96a7d7da,B
1c973ce9a45b44ca,C) The black sedan made a left turn into the path of the red van traveling straight.
6f0b8e1363e1ab55,"The sequence of events shows a blue sedan entering the intersection from the left while traffic lights are red, causing it to collide with a white sedan waiting at the stop line. The collision occurs as the sedan enters the intersection, disrupting the otherwise orderly flow of stopped vehicles. The incident is anomalous and unexpected."
af2678202f7938fe,"This video is captured from an elevated traffic camera at night, overlooking a four-way intersection at MLK and Alaska Street, West. The road is multi-lane with a center median separating opposing traffic flows; lanes are marked with white dashed lines, and the surface appears wet from recent rain. Traffic flows toward the camera on the right and away from the camera on the left. Red traffic lights are active for the direction facing the camera, and white crosswalk lines are visible. Buildings line both sides of the street, illuminated by streetlights, with no visible bus stops or pedestrian signals. On-screen text reads “MLK AND ALASKA ST - EW WEST.” Several vehicles, including a white sedan and a red SUV, are stopped at the intersection."
8c598ad8564449a1,"A dark sedan crosses the intersection from left to right, moving toward the camera. This movement represents a standard flow of traffic in a light-volume corridor."
53db53d2683c916b,"{""start"": ""00:11"", ""end"": ""00:13""}"
b96285738ba75906,"The video shows a nighttime urban intersection at MLK and Alaska Street, where vehicles wait at a red light under wet conditions. At 00:04, a blue sedan enters the frame from the left, crossing the intersection diagonally before exiting toward the bottom. At 00:06, a dark-colored SUV follows, also crossing the intersection from left to right. At 00:10, a white sedan appears from the left, merging into traffic without incident. All vehicles maintain their lanes and steady speeds without any collisions or anomalies. The root cause of the incident is the absence of any traffic disruption or collision."
bebefaba24274945,No
33126dc41cfdf903,No
ef07f0de8825e3a6,"No. There is no visible black sedan making a left turn, and no T-bone collision occurs in the video."
7564a42ea9f746d7,No. The black SUV does not visibly activate a turn signal before changing lanes in the video.
7521a84f9cc3e1e8,"At 00:06.53, a white sedan is visible approaching the intersection from the distance, while by 00:10.69, the same vehicle has passed through the intersection and is now further down the road, continuing its trajectory. The relationship is one of sequential and operational, as the vehicle’s movement through the intersection represents a natural progression of traffic flow, with no interruption or change in direction observed. The consequence is that the vehicle has successfully navigated the intersection and is now part of the ongoing traffic stream, maintaining the normal flow of vehicles on the street."
2a665a4daea2a008,B
ce8968fb5446e8c6,D) The black sedan failed to stop for a red light while proceeding straight.
c70abb0d41a57e7e,"The black sedan moves forward in the right lane, then abruptly veers left into the oncoming traffic lane, colliding with a white sedan. Its movement is anomalous, deviating sharply from expected lane discipline and traffic flow."
ed0e9b0cf00ab44f,"This video is captured from an elevated traffic camera at night, overlooking a multi-lane urban street intersection. The road is divided into at least two lanes in each direction by a double yellow line, with the surface appearing wet from recent rain. Traffic flows toward the camera on the right side and away from the camera on the left. A marked crosswalk is visible at the intersection, and traffic signals are present but not clearly illuminated. Buildings line both sides of the street, with illuminated signs and streetlights providing ambient lighting. On-screen text in the top-left corner reads “1st Ave & Wall St NS North.” A white sedan and a dark-colored SUV are visible in the intersection."
124c45238be6a10f,"A red sedan accelerates forward and merges into the right lane, passing a stopped white SUV. This movement represents a standard flow of traffic in a light-volume corridor."
582f3429b7ca9294,"{""start"": ""00:00"", ""end"": ""00:01""}"
b8cb69918e6cdd03,"The video shows nighttime urban traffic at the intersection of 1st Ave & Wall St, NS, North, with moderate vehicle flow and illuminated streetlights reflecting off wet pavement. At 00:00, a white sedan approaches the intersection from the distance, followed by a red SUV and a black sedan. At 00:04, the red SUV abruptly brakes, causing the black sedan behind it to also brake sharply. The white sedan continues through the intersection without incident. The root cause of the incident is the sudden braking of the red SUV, which triggered a chain reaction of braking by the following vehicles. All vehicles maintain their lanes and steady speeds without any collisions or anomalies."
0c11d4cf0619df3c,No
52505325c697fd4b,No
5444dfda3704b2f4,No. The silver SUV completes its left turn without making contact with any other vehicle.
d4ab89022cd1d9e6,"No. The traffic light is green when the vehicles pass through the intersection, indicating no red light violation occurred."
5e2993fd59508032,"At 00:09.50, a white sedan is seen accelerating into the intersection, while by 00:14.00, the same vehicle has cleared the intersection and is moving away from the camera. The relationship is one of direct cause and effect: the white sedan’s acceleration into the intersection at 00:09.50 directly led to its position further down the road at 00:14.00, having successfully navigated the intersection and continued its trajectory. The consequence is the vehicle’s successful passage through the intersection, indicating no collision or disruption occurred."
b613414b5479a687,A
7985d87443e7c5ed,C) The gray SUV failed to yield the right-of-way to oncoming traffic while making a left turn.
2d648c59cd5d10eb,"The direct consequence of the collision between the silver SUV and the black sedan was the silver SUV veering sharply to the right, crossing into the opposite lane and coming to a stop. This created an immediate traffic disruption, causing vehicles behind to brake suddenly, indicating an anomalous and hazardous event."
ffd1b8894680b053,"This video is captured from an elevated traffic camera during daylight hours, showing a multi-lane divided road with wet pavement. The road has at least three lanes in each direction separated by a painted center line; vehicles move toward the camera on the right and away from the camera on the left. Lane markings include dashed white lines and double yellow lines. Traffic signals are visible at the intersection ahead, with green lights for the direction of travel. Surroundings include trees lining the right side, overhead power lines, and buildings in the distance. On-screen text identifies the location as “Montlake Blvd & Pacific.” Several vehicles, including a white sedan and a black SUV, are visible on the road."
a727d6dce54a38d7,"A white sedan accelerates rapidly toward the camera, crossing into the left lane and passing a stopped vehicle. This movement represents a standard flow of traffic in a light-volume corridor."
62bca194263f8842,"{""start"": ""00:15"", ""end"": ""00:17""}"
d477ced943c4fbee,"The video shows a wet urban street with moderate traffic flow under green traffic lights, captured from an elevated perspective. At 00:05, a dark SUV in the left lane begins to drift toward the center, narrowly avoiding a white sedan ahead. By 00:10, the SUV has fully crossed into the middle lane, causing a brief lane disruption. At 00:15, the SUV suddenly brakes hard, triggering a chain reaction as the white sedan behind it also brakes abruptly. The root cause of the incident is the SUV’s erratic lane change and sudden braking, which destabilized the flow of traffic."
373424f1adcd6dcf,No
57d2e40f0bcf61b6,No
a9d4baf6333a26fd,No. The black sedan does not change lanes; it continues moving forward in its lane before the collision.
83ae52240796c46d,No. The white van remains stationary on the left side of the road and does not make contact with any other vehicle.
c928c4ddeb21ad61,"At 00:01.70, a white vehicle is stationary at the intersection, while by 00:07.41, the same white vehicle remains stationary at the intersection. The relationship is one of continuity and stability, as the vehicle maintains its position without movement or change in state between the two timestamps. The consequence is that the vehicle’s stationary position persists, indicating no intervening action or traffic event altered its status during this interval."
fba39ab97856b017,B
1861314e52aecef8,C) The black sedan failed to stop for a red light while traveling from top to bottom.
5c5865eae126f0c2,"The black sedan approaches the intersection from the distance, moving toward the camera. It decelerates slightly before accelerating into the intersection, failing to yield to the white van stopped at the crosswalk. Its maneuver is anomalous, indicating a disregard for traffic control signals and pedestrian safety."
b8b36ff5411e3690,"This video is captured from an elevated CCTV camera at night, overlooking a narrow urban street at the intersection of 5th Ave & Madison St E. The road has two lanes in each direction, separated by a painted center line, with traffic flowing toward the camera on the left and away from the camera on the right. The road surface appears dry, and lane markings are faint but visible. No traffic signals or signboards are visible. Surroundings include illuminated buildings with large windows on the right, a sidewalk, and streetlights casting bright glares. A white ambulance is parked on the left side of the road, and a dark sedan briefly passes in the foreground."
21cb423628dd85c8,"A black SUV moves toward the camera, exiting the frame at the bottom. This movement represents a standard flow of traffic in a light-volume corridor."
40158463208b7533,"{""start"": ""00:04"", ""end"": ""00:06""}"
8667698f6bfe0144,"The video shows a nighttime urban intersection at 5th Ave & Madison St E, where traffic flows with minimal congestion under streetlights. At 00:03, a white ambulance is stationary on the left side of the road, facing the camera, while a dark sedan approaches from the distance. At 00:04, the dark sedan suddenly veers left, narrowly missing the ambulance before continuing forward. The ambulance remains stationary throughout, with no visible interaction or collision. The root cause of the incident is the dark sedan’s abrupt lane deviation, which appears to be a near-miss rather than a collision. All vehicles maintain their lanes and steady speeds without any collisions or anomalies."
8ec5efb6fd16e2a8,Yes
0cc94ae76a645075,No
0dd7316aa17b1e72,"No. The black vehicle is not visible in the video, so it cannot be determined whether it ran a red light."
73886258de6cf6db,"No. The black vehicle is not visible in the frame after the collision, indicating it has moved out of view or is obscured."
2769eb099ed25965,"At 00:00:06, a silver SUV enters the frame from the bottom left, moving toward the intersection, while by 00:10:54, the same SUV is stopped at the intersection with visible front-end damage. The relationship is one of direct cause and effect: the SUV’s entry into the intersection at 00:00:06 led to a collision with another vehicle, resulting in the visible damage observed at 00:10:54. The consequence is the SUV’s immobilization and structural damage, indicating a traffic incident occurred between these timestamps."
02f0db203977a188,B
2723567042c2238b,C) The black hatchback failed to stop for a red traffic light while traveling from the bottom of the frame.
7ffe7d30e6499dc8,"The direct consequences of the collision are visible damage to the silver SUV, which has come to rest at an angle across the intersection, and disruption to surrounding traffic. The collision has caused a temporary halt in the flow of vehicles, creating a congested and anomalous situation at the intersection."
e209aee9918430af,"This video is captured from an elevated traffic camera at night, overlooking a four-way intersection at 7th Ave NE and NE 45th St. The road surface is wet, reflecting streetlights and vehicle headlights, and features multiple lanes with dashed white lane markings and painted crosswalks. Traffic flows in both directions, with vehicles approaching from the distance and others crossing the intersection. Traffic signals are visible, with red lights illuminated for the direction of travel toward the camera. Surroundings include streetlights, trees, and distant buildings. On-screen text indicates the location and timestamp. A silver minivan and a dark sedan are visible in the frame."
b9ca22cbab2e326f,"A silver minivan enters the frame from the left, moving toward the camera and making a right turn into an intersection. The vehicle collides with a stationary object, causing visible damage to its front end and triggering a stop in its trajectory."
1a2c2b2920aae053,"{""start"": ""00:08"", ""end"": ""00:12""}"
92cf6c9effe69cf5,"The video shows a nighttime urban intersection with wet pavement and active traffic under streetlights. At 00:06, a silver minivan enters the frame from the bottom left, crossing the intersection. At 00:10, the minivan collides with a stationary dark-colored vehicle positioned near the center of the intersection, causing visible damage to the minivan’s front end. The minivan remains stationary after impact, with no visible pedestrian involvement or other anomalies. The root cause of the incident is the silver minivan’s failure to yield the right-of-way, resulting in a frontal collision."
c9430ff28c310050,Yes
6bcdb7cecaa8d256,Yes
5212316efd25af95,"Yes. A dark-colored vehicle crosses the intersection while the traffic light is red, indicating it ran the red light."
9f775c454b335c1c,"No. There is a second collision visible after the first one, involving a blue car and a red car."
5b13eb044e953f91,"At 00:06.11, a dark-colored vehicle enters the intersection from the right, initiating a turn, while by 00:11.52, the same vehicle has completed its turn and is now moving away from the intersection toward the bottom of the frame. The relationship is one of sequential and operational, as the vehicle’s maneuver at 00:06.11 directly leads to its departure from the intersection by 00:11.52, indicating a completed traffic maneuver. The consequence is the vehicle successfully navigating the intersection and continuing its journey, confirming the operational flow of traffic."
30b6e6e3e5965baf,D
7b32f31b56a6ed77,"A) It T-boned a vehicle crossing from the bottom right, then had a head-on collision with a vehicle stopped in lane 3."
d49e59a1292b3525,"The root cause of the incident is a failure to yield at the intersection, as evidenced by the black sedan entering the crosswalk while the traffic light was red, leading to a collision with a motorcycle. The traffic flow is anomalous due to the sudden stop and subsequent crash, disrupting the otherwise steady flow of vehicles."
b018302ffe2416b0,"This video is captured from an elevated traffic camera at night, overlooking a four-way intersection on Aurora Ave N & N 90th St. The road is a multi-lane street with a center divider, featuring two lanes in each direction; lane markings are visible but the surface appears wet. Traffic flows toward and away from the camera, with painted crosswalks and double yellow lines marking the center. Traffic signals are present at all corners, and pedestrian crosswalks are visible. Surroundings include buildings on both sides, streetlights, and a visible text overlay identifying the location. A dark sedan and a silver sedan are present in the frame."
90731e6a40d865eb,"A black SUV accelerates through the intersection, colliding with a red car that had stopped at the crosswalk. The impact sends debris flying and causes both vehicles to skid, indicating a sudden, high-impact collision due to the SUV’s failure to yield."
567ab31af56638a5,"{""start"": ""00:05"", ""end"": ""00:11""}"
2995052b0fffa69f,"The video shows a nighttime urban intersection at Aurora Ave N & N 90th St, where traffic flows under red traffic lights with minimal congestion. At 00:05, a dark sedan crosses the intersection from the left, followed by a silver sedan entering from the right at 00:07. At 00:08, the silver sedan collides with the dark sedan, causing visible skid marks and debris. The dark sedan veers left after impact, while the silver sedan continues forward, leaving a trail of smoke. The root cause of the incident is the silver sedan failing to yield to the dark sedan entering the intersection."
1c7f01c8d83499b4,Yes
fe2b82e8da0ac481,No
a56675d241c859d8,No. The gray sedan and white sedan do not collide; the gray sedan veers left and appears to narrowly miss or pass the white sedan without making contact.
154b386e583da691,No. The white sedan does not continue driving and exit the top of the frame after the collision; it remains stationary at the scene.
47f9909cd0f18a5e,"At 00:02.79, a white sedan enters the frame from the left and merges into traffic, while by 00:07.46, the same white sedan has come to a stop after colliding with a silver sedan directly in front of it. The relationship is one of direct cause and effect: the white sedan’s maneuver to merge into traffic at 00:02.79 resulted in a collision with the silver sedan at 00:07.46, as evidenced by visible contact and the silver sedan’s abrupt halt. The consequence is the white sedan’s stoppage and the silver sedan’s stationary position, indicating a traffic disruption caused by the initial merging action."
e400e46db72cc7c9,B
ffa222a90c69904d,"B) The white sedan is pushed into the center turning lane, causing a pile-up of six vehicles."
c3ddcc080347895f,"The collision involves a silver sedan and a white sedan. The silver sedan, traveling in the left lane, veered right into the path of the white sedan, which was in the right lane. This constitutes a lane violation and failure to maintain proper lane position, resulting in an anomalous and hazardous traffic event."
c5b67956ffa7e81b,"This video is captured from an elevated CCTV perspective during daylight hours, showing a two-lane road with a double yellow center line separating opposing traffic flows. The road surface appears wet, suggesting recent rain. Traffic moves in both directions: vehicles approach the camera on the left side of the frame, while others recede toward the distance on the right. No traffic signals, signs, or crosswalks are visible. Lush green trees line both sides of the street, with sidewalks and utility poles present. A few parked cars and moving vehicles, including a white sedan and a black SUV, are visible."
679ae8c8e54770fb,"A white sedan continues moving forward in the right lane, maintaining its position behind a silver sedan. This movement represents a standard flow of traffic in a light-volume corridor, with no visible anomalies or disruptions occurring during this interval."
a0a192a40b27dbc0,"{""start"": ""00:02"", ""end"": ""00:04""}"
24b0800e763704f5,"The video shows a moderately busy urban street with multiple lanes of traffic flowing under tree-lined sidewalks. At 00:02, a silver sedan in the left lane begins to drift toward the center, colliding with a white SUV directly ahead. The impact causes the silver sedan to spin sideways, partially blocking the lane, while the white SUV lurches forward and comes to a stop. A black sedan behind the white SUV brakes sharply, avoiding a collision. The root cause of the incident is the silver sedan’s sudden loss of control, likely due to driver error or mechanical failure."
c2e63319219f652e,No
62cb6f552dfcde76,No
44fcaf22a40d2389,"No. There is only one black SUV visible in the video, and it does not collide with any other vehicle."
aba5974593e0998b,No. There is no visible collision between a black SUV and a white sedan in the video. The vehicles are seen moving separately on the road without any indication of contact.
ff0b20159edd558e,"At 00:02.38, a dark sedan is seen turning left into the intersection, while by 00:05.65, the same sedan has completed its turn and is now proceeding straight down the road, having cleared the intersection. The relationship is one of sequential and operational, as the vehicle’s maneuver from turning left to continuing straight represents the natural progression of a traffic maneuver. The consequence is that the sedan has successfully navigated the intersection and is now part of the ongoing flow of traffic moving southbound."
e0b9c58b05b8f87f,B
5531a7dd65e5367d,"C) The black SUV in the second lane, because it initiated a leftward movement into a lane already occupied by another vehicle."
2345b127cf17a22c,"The root cause of the incident is a sudden, uncontrolled maneuver by the dark sedan, which veered sharply left into the path of the red truck. The sedan’s erratic movement, likely due to loss of control or driver error, directly led to the collision, disrupting the otherwise steady traffic flow."
ab52904eb107e573,"This video is captured from an elevated traffic camera at night, showing a multi-lane road with a wet surface reflecting vehicle lights. The road is divided into two main traffic flows: vehicles move toward the camera on the left side and away from the camera on the right side, separated by a narrow median. Lane markings are not clearly visible, but the wet asphalt indicates recent rain. No traffic signals or signboards are visible. Surroundings include buildings on both sides, illuminated storefronts in the distance, and streetlights casting light on the wet pavement. On-screen text reads “AURORA AVE AND 87TH - NS SOUTH.” A white sedan and a dark SUV are visible, moving toward the camera."
84a33680fdeaaa67,"A dark sedan accelerates toward the camera, passing through the intersection. This movement represents a standard flow of traffic in a light-volume corridor."
432b163530c11da6,"{""start"": ""00:02"", ""end"": ""00:05""}"
6f631b11ab7464c2,"The video shows nighttime traffic on Aurora Ave and 87th Street South, with wet pavement reflecting vehicle lights and moderate congestion. At 00:02, a dark sedan enters the frame from the bottom, moving toward the camera. At 00:04, a silver sedan follows closely behind, also moving toward the camera. At 00:06, the silver sedan swerves left, narrowly avoiding a collision with a parked vehicle on the right. The root cause of the incident is the silver sedan’s sudden, unexplained swerve. All vehicles maintain their lanes and steady speeds without any collisions or anomalies."
7d50c810c301d857,Yes
242c92c9b2a65fc8,No
456dd2b2a1a2932d,No. There is no visible T-bone collision; vehicles are seen maneuvering around the intersection without direct impact.
395d02eaa0a62cd3,Yes. The black SUV is seen making a turn and collides with the white sedan at the intersection.
46a505d14f91de4e,"At 00:01.25, a black sedan and a white sedan are navigating a crosswalk, while by 00:03.06, the black sedan has completed its turn and is now positioned on the far side of the intersection, having yielded to the white sedan. The relationship is one of sequential and operational, as the black sedan’s maneuvering through the intersection directly precedes its repositioning after completing the turn. The consequence is that the black sedan has successfully cleared the intersection and is now moving away from the crosswalk area, allowing the white sedan to continue its path unimpeded."
36fad626e00c4799,D
3bcaf9cdc35b1913,D) The black sedan entered the intersection at high speed and failed to yield the right-of-way.
4ad8feaf1d2b01fc,"The direct consequences of the collision between the white sedan and the black sedan are visible damage to both vehicles and a disruption in traffic flow. The white sedan veers sharply right, while the black sedan skids left, causing them to occupy the intersection abnormally. The traffic flow is momentarily halted and chaotic due to the collision."
fb76dc482084bc85,"This video is captured from an elevated traffic camera during daylight hours, showing a four-way intersection with dry asphalt. The road has multiple lanes in each direction, separated by painted white lane markings and a center median with a traffic signpost. Traffic flows toward and away from the camera, with vehicles moving in both directions across the intersection. No traffic signals or signboards are visible. Surroundings include grassy areas, a sidewalk, and a brick building in the background. The FOX TV STATION logo is visible in the top right corner. A white sedan and a black sedan are visible in the frame."
4139e1aa5e4669fd,"A white sedan continues moving forward through the intersection, maintaining its lane. This movement represents a standard flow of traffic in a light-volume corridor."
61a33f42a55f75d8,"{""start"": ""00:01"", ""end"": ""00:02""}"
9cb33065ea311f26,"The video shows a typical urban intersection with multiple vehicles navigating through traffic under clear daylight conditions. At 00:00, a black sedan and a white sedan enter the intersection from perpendicular roads. By 00:02, the black sedan begins to drift toward the center of the intersection, crossing into the path of the white sedan. At 00:03, the white sedan swerves sharply to avoid collision, narrowly missing the black sedan. The black sedan continues moving forward, eventually exiting the frame. The root cause of the incident is the black sedan’s erratic movement into the intersection."
1289664a25cb8aae,No
19cd2517b304f092,No
ea0019e617a676ee,No. There is no visible rear-end collision between a blue sedan and a black sedan in the video.
f9e7353c7da38c09,No. The blue sedan does not visibly use a blinker before changing lanes into lane 3; its lane change appears abrupt without clear indication of signaling.
c0a3e6cb7e526687,"At 00:01.45, vehicles continue moving along the highway in a steady flow, while by 00:05.58, traffic remains consistent with no significant changes or disruptions. The relationship is one of continuity and stability, as the vehicles maintain their lanes and speeds without incident, indicating normal traffic progression. The steady flow persists, with no visible collisions, slowdowns, or lane changes between the two moments, confirming uninterrupted traffic movement."
9869d6799d181b54,C
a8b486ef8fc9b7ca,B) The blue sedan failed to maintain a safe following distance and speed relative to the black SUV.
a703e5b5eb09382b,The sequence of maneuvers and traffic violations committed by the two involved vehicles immediately following the collision is not observable in the provided frames. The video shows traffic flow before and after the incident but does not capture the specific actions or violations occurring right after the collision. The traffic flow is steady and free-flowing prior to the event.
a262f677269faf13,"This video is captured from an elevated traffic camera during daytime on a multi-lane divided highway. The road features multiple lanes in each direction separated by a grassy median, with vehicles moving toward and away from the camera. Lane markings consist of dashed white lines for traffic flow, and the road surface appears dry. No traffic signals, signs, or crosswalks are visible. Surroundings include sparse trees and streetlights along the roadside, with “FOX TV STATIONS” text in the upper right corner. Several vehicles, including a black SUV and a white sedan, are visible traveling in both directions."
2ce1732209db711c,"A black SUV moves toward the bottom of the frame, maintaining a steady speed within its lane. This movement represents a standard flow of traffic in a light-volume corridor."
2248e4b4c70547d1,"{""start"": ""00:00"", ""end"": ""00:01""}"
801f40002e37557e,"The video shows a multi-lane highway with moderate traffic flow under overcast skies, featuring vehicles moving steadily in both directions. At 00:02, a black sedan in the right lane abruptly swerves left, narrowly avoiding a white SUV ahead. By 00:04, the black sedan has come to a stop, blocking the lane and causing a minor traffic jam behind it. A yellow emergency vehicle approaches from the opposite direction, slowing to assess the situation. The root cause of the incident is the black sedan’s sudden, unexplained swerve and subsequent stop."
d65ca2bed6af5f91,No
9442a2012d7ec64c,No
9ccb1bc384dd9611,No. The black SUV does not roll over after the collision; it comes to a stop with its front end damaged.
086a3ab1ef3083ce,No. The red semi-truck and the black pickup truck do not make contact; the pickup truck crosses the intersection and stops independently.
a291acdf57103fe1,"At 00:01.23, a black pickup truck enters the intersection from the bottom of the frame, while by 00:03.81, the same truck has collided with a silver sedan that was crossing its path. The relationship is one of direct cause and effect: the pickup truck’s trajectory and speed at 00:01.23 directly led to the collision with the sedan at 00:03.81, as the sedan was unable to avoid the path of the pickup truck. The consequence is visible damage to the sedan’s front end and the pickup truck’s side, with both vehicles coming to a stop after the impact."
cd4381036745ef48,C
93aca844732ea188,A) The black SUV rolls over and slides toward the bottom-left corner of the frame.
8b20390ccbc46276,"The root cause of the incident is a black SUV entering the intersection from the left, failing to yield to a black pickup truck already in the crosswalk. The SUV’s abrupt maneuver and lack of right-of-way led to a collision. The traffic flow is anomalous due to the sudden, uncoordinated movement of vehicles."
4f0132ed4251ea0a,"This video is captured from an elevated traffic camera during daylight hours, overlooking a four-way intersection with a wet asphalt surface. The road is divided into multiple lanes by dashed white lines, with traffic flowing in both directions relative to the frame; vehicles approach from the top and bottom while others move left and right across the intersection. Lane markings are clearly visible, and the road surface appears damp. Traffic signals are present at the intersection, along with painted crosswalks. Surroundings include a green building with graffiti on the left, a large billboard overhead, and an elevated highway structure on the right. A black pickup truck, a white sedan, and a red semi-truck are visible among the vehicles."
108b799d4ac711f3,"A black pickup truck enters the intersection from the bottom left, moving toward the camera. This movement represents a standard flow of traffic in a light-volume corridor."
c46d35f7e915dd8a,"{""start"": ""00:02"", ""end"": ""00:04""}"
6082325c08e3e60d,"The video shows a busy urban intersection with moderate traffic flow under an overpass and near a colorful building with graffiti. At 00:01, a black SUV enters the frame from the bottom left, crossing the intersection. At 00:02, a black pickup truck enters from the left, making a left turn into the intersection. At 00:03, the black pickup truck collides with the black SUV, causing both vehicles to stop abruptly in the intersection. The black SUV’s front end is visibly damaged, and the pickup truck’s front bumper is crumpled. The root cause of the incident is the black pickup truck failing to yield to the black SUV while making its turn."
e009dafd42384ff4,No
c9abc0f9472f9aba,No
b0d00913d7c10dac,No. There is no visible multi-vehicle pile-up in lane 4; vehicles are moving normally without any collision or incident.
82e23bea21c49df4,No. The red SUV is visible moving forward in traffic and does not appear to be involved in any collision.
250a465e88a92e1e,"At 00:04.78, a white SUV enters the frame from the bottom right and merges into traffic, while by 00:08.66, the same white SUV has moved further forward and is now positioned behind a red sedan in the middle lane. The relationship is sequential and operational, as the SUV’s maneuver to enter the flow at 00:04.78 directly enables its subsequent position in traffic at 00:08.66, indicating normal progression within the stream of vehicles. The SUV’s integration into the lane allows it to continue moving forward without disruption, maintaining the overall flow of traffic."
8a96bbee8a725816,B
03768de0b0d5c368,"C) The four involved vehicles stall, creating a complete blockage of lane 4."
511adb09261bbae4,"The red truck in lane 4 abruptly veered left into the adjacent lane, colliding with a white SUV, which then struck a silver sedan behind it. This initial impact triggered a chain reaction, causing multiple vehicles to crash into one another in a cascading pile-up. The sequence is anomalous and chaotic, disrupting the otherwise steady traffic flow."
09f267140a635edb,"This video is captured from an elevated traffic camera during daytime, showing a multi-lane divided highway with moderate traffic flow. The road features multiple lanes in each direction separated by a central divider, with dashed white lane markings and dry pavement. Traffic moves toward the camera on the right side and away from the camera on the left side. No traffic signals or signboards are visible. Surroundings include buildings on both sides, bare trees lining the sidewalks, and streetlights. On-screen text reads “AURORA AVE AND WARD SOUTH.” Vehicles include a white SUV, a black sedan, and a red sedan."
d3c74323f650022e,"A white SUV moves forward in the rightmost lane, maintaining its position as other vehicles pass by. This movement represents a standard flow of traffic in a light-volume corridor."
508b1f62b33b1547,"{""start"": ""00:00"", ""end"": ""00:01""}"
0854821cc310eead,"The video shows a multi-lane urban street with moderate traffic flow under clear daylight conditions. At 00:05, a white SUV in the right lane begins to drift slightly toward the center divider, prompting a red sedan behind it to brake abruptly. By 00:07, the red sedan’s sudden stop causes a chain reaction, with a white pickup truck directly behind it also braking hard. The white SUV continues moving forward, narrowly avoiding a collision with the red sedan. The root cause of the incident is the white SUV’s erratic lane drift and the red sedan’s abrupt braking."
6626eab8adb1952c,Yes
225ade6cb0543a4a,Yes
bae34b7c8b77833b,"Yes. The silver SUV and the black SUV make contact in the intersection, resulting in a visible collision."
7dc5e1c608a83b31,No. The white sedan is visible at the intersection but does not make contact with the black SUV during the collision.
744355c56359068a,"At 00:01.94, a black SUV enters the intersection from the bottom right, while by 00:06.86, the same black SUV has come to a stop at the crosswalk, having collided with a pedestrian. The relationship is one of direct cause and effect: the SUV’s entry into the intersection and subsequent collision with the pedestrian directly led to its abrupt stop and the pedestrian’s fall. The consequence is the SUV’s immobilization at the crosswalk and the pedestrian’s position on the ground, indicating the collision’s immediate aftermath."
c8acee4d36e984ae,C
635cda35d648a67c,"C) The silver SUV enters the intersection while the traffic light is green, but the black SUV fails to stop at a red light."
4b6bd859e11e7a4c,"The direct consequence of the collision between the silver SUV and the black SUV is that the black SUV spins out of control and comes to rest at an angle across the intersection. The silver SUV continues forward, slightly veering, indicating a loss of control or impact force. This event disrupts the orderly traffic flow, creating an anomalous and hazardous situation."
396f8bb40544664d,"This video is captured from an elevated traffic camera during daytime, showing a four-way intersection at 1st Ave and Atlantic. The road has multiple lanes in each direction, separated by painted lane markings and a center turn lane; traffic flows toward and away from the camera. The asphalt surface appears dry. Traffic signals are visible at the intersection, along with marked crosswalks and sidewalks. Surrounding buildings with storefronts and trees line the streets, and on-screen text identifies the location. A white sedan and a black SUV are visible in the frame."
87b067cdf34907e1,"A black SUV enters the intersection from the bottom right, moving toward the camera. This movement represents a standard flow of traffic in a light-volume corridor."
2d22f95130fea539,"{""start"": ""00:02"", ""end"": ""00:04""}"
c162ef680f4ef0f2,"The video shows a typical urban intersection at 1st Ave and Atlantic with moderate traffic flow and clear road markings. At 00:02, a black SUV enters the intersection from the bottom right, crossing paths with a silver sedan approaching from the top left. By 00:04, the black SUV veers sharply left, colliding with the silver sedan’s front bumper. The impact causes the black SUV to spin and come to rest at 00:06, partially blocking the crosswalk. The silver sedan remains upright but visibly damaged. The root cause of the incident is the black SUV’s failure to yield the right-of-way and its abrupt directional change."
